tweet_id,text,likes,retweets,replies,views,published_at,lang,influencer_name,twitter_handle,date,hour,day_of_week
606096012,sitting at work.,19,4,3,0,2008-01-16 17:13:34+00:00,en,Tanisha,,2008-01-16,17,Wednesday
3430683802,"So, there was light. Now what?",0,0,0,0,2009-08-20 16:55:40+00:00,en,Matrix Fitness,,2009-08-20,16,Thursday
4375978218,in indian polictics there is no room for personal opinion or fr genuine ppl lik shashi tharoor thts wat i feel.,1,0,0,0,2009-09-25 19:24:23+00:00,en,Anmol Chaudhary,,2009-09-25,19,Friday
267437434856435712,Tattoo By: Red http://t.co/rpinhVsY,0,0,0,0,2012-11-11 01:23:47+00:00,en,BullyJuice,,2012-11-11,1,Sunday
267437521695301632,Tattoo By: Red http://t.co/d2P8B0jd,0,0,0,0,2012-11-11 01:24:08+00:00,en,BullyJuice,,2012-11-11,1,Sunday
267438002425438208,Tattoo By Red http://t.co/nHhhuKye,0,0,0,0,2012-11-11 01:26:03+00:00,en,BullyJuice,,2012-11-11,1,Sunday
267438250992484353,Tattoo By Red ( 2Pac Inspiration) http://t.co/RwqGjgPL,0,0,0,0,2012-11-11 01:27:02+00:00,en,BullyJuice,,2012-11-11,1,Sunday
269591999424901120,Tattoo By Red http://t.co/WlcRz57m,0,0,0,0,2012-11-17 00:05:16+00:00,en,BullyJuice,,2012-11-17,0,Saturday
269867475414437888,Tattoo By: Red http://t.co/l9yp2ppI,0,0,0,0,2012-11-17 18:19:54+00:00,en,BullyJuice,,2012-11-17,18,Saturday
271346807328608256,BullyJuice Tattoo is GIVING back to the COMMUNITY with a FREE 20lb. BUTTERBALL TURKEY. If you know a family in... http://t.co/sza2ppVq,0,0,0,0,2012-11-21 20:18:14+00:00,en,BullyJuice,,2012-11-21,20,Wednesday
271387860215676928,"ONE MORE HOUR BEFORE WE PICK OUR RAFFLE WINNER. ""LIKE"" THE IMAGE OF THE TURKEY WITH AN AX AN AUTOMATICLLY BE... http://t.co/mnXDo5am",0,0,0,0,2012-11-21 23:01:22+00:00,en,BullyJuice,,2012-11-21,23,Wednesday
271411668024713216,"AND THE WINNER IS........................ Sed Powe, random pick out a hat. Sed Powe come get this 20lb. BUTTERBALL TURKEY!!!!",0,0,0,0,2012-11-22 00:35:58+00:00,en,BullyJuice,,2012-11-22,0,Thursday
271707377789698048,Never thought id be watching #trapped on thanksgiving but i cant turn it.,0,0,0,0,2012-11-22 20:11:01+00:00,en,BullyJuice,,2012-11-22,20,Thursday
272047828556206080,http://t.co/HMXR3bnX,0,0,0,0,2012-11-23 18:43:51+00:00,zxx,BullyJuice,,2012-11-23,18,Friday
272049026747232256,"BullyJuice TATTOOS IS OPEN FOR BLACK FRIDAY. $50 HR. SESSIONS, $40 NAMES, $150 TRIBAL OUTLINES... TODAY AND TOMORROW ONLY",0,0,0,0,2012-11-23 18:48:37+00:00,en,BullyJuice,,2012-11-23,18,Friday
278544396130066432,TATTOO BY: RED http://t.co/zmjetLk1,0,0,0,0,2012-12-11 16:58:53+00:00,en,BullyJuice,,2012-12-11,16,Tuesday
278544468808970240,TATTOO BY: RED http://t.co/nClrAxjU,0,0,0,0,2012-12-11 16:59:11+00:00,en,BullyJuice,,2012-12-11,16,Tuesday
278544564984352770,TATTOO BY: RED http://t.co/sTw8zz9S,0,0,0,0,2012-12-11 16:59:34+00:00,en,BullyJuice,,2012-12-11,16,Tuesday
278544626640617472,TATTOO BY: RED http://t.co/uKY2UloP,0,0,0,0,2012-12-11 16:59:48+00:00,en,BullyJuice,,2012-12-11,16,Tuesday
430175763183456256,"#EsuranceSave30 pick me, pick me",0,0,0,0,2014-02-03 03:07:48+00:00,en,BullyJuice,,2014-02-03,3,Monday
430741522288750592,RT @FloydMayweather: Who should I fight next? Go to http://t.co/5sw7zBhXwo and vote. I'm going to let the fans decide. http://t.co/Os9kFyAJ…,0,4120,0,0,2014-02-04 16:35:56+00:00,en,BullyJuice,,2014-02-04,16,Tuesday
432543734853812224,I'm earning #mPOINTS Rewards in Moviefone. http://t.co/51zd38YkCy,2,0,0,0,2014-02-09 15:57:17+00:00,en,BullyJuice,,2014-02-09,15,Sunday
660373445885038592,"Amazing offer Great discount
Click herebuy-https://t.co/uqR9A2YldO 
Place Order On Phone / Whatsapp: +91-9598999333 https://t.co/5UNLm97Mns",1,0,0,0,2015-10-31 08:31:13+00:00,en,Cheer Shopping,,2015-10-31,8,Saturday
660721079518756864,New Fancy Evelyn Sharma Cream Embroidered Anarkali Suit  at just Rs.799 Only.https://t.co/USSwnELSpl  Phone / Whatsapp: +91-9598999333,1,0,0,0,2015-11-01 07:32:35+00:00,en,Cheer Shopping,,2015-11-01,7,Sunday
660722072964894720,Evelyn Sharma Cream  Anarkali Suit  at just Rs.799 Only.https://t.co/USSwnELSpl  Phone / Whatsapp: +91-9598999333 https://t.co/Qg2k7hVdPP,1,0,0,0,2015-11-01 07:36:32+00:00,en,Cheer Shopping,,2015-11-01,7,Sunday
660729863007924228,"Get 20% off and 30% cashback on Woodland.
Click here buy-https://t.co/USSwnELSpl
91-9598999333 https://t.co/z95XgqTjKx",1,0,0,0,2015-11-01 08:07:29+00:00,en,Cheer Shopping,,2015-11-01,8,Sunday
690945329240379393,"Today:
Maiden ODI Ton for Mitchell Marsh,
Maiden ODI Ton for Manish Pandey,
Maiden Test Ton for Quinton de Kock!
#IndvsAus 
#SAvsENG",1,0,0,0,2016-01-23 17:12:58+00:00,en,Cricket Galaxy,,2016-01-23,17,Saturday
692617732819275776,"Upto 80% OFF on selected Sarees 
https://t.co/40k6PGHVPY…
Use Code: ETHNIC15 https://t.co/k12DQMcWxN",1,0,0,0,2016-01-28 07:58:30+00:00,en,Cheer Shopping,,2016-01-28,7,Thursday
692991793043001344,"Buy Anarkali Suit @ Just Rs. 417
Use Code ETHNIC15
Buy Now: https://t.co/PirnH0qLcO
#Cheerskiyakya https://t.co/AVmK3GwEnE",2,0,0,0,2016-01-29 08:44:53+00:00,en,Cheer Shopping,,2016-01-29,8,Friday
693339874775011328,"Buy Jockey Mens Pop Trunk Assorted Color Pack Of 4 @ Just Rs. 716 
Buy Now: https://t.co/b6x1GSUGA7
#Cheerskiyakya https://t.co/hwBmuKKU7t",1,0,1,0,2016-01-30 07:48:02+00:00,en,Cheer Shopping,,2016-01-30,7,Saturday
700660972919214082,"Top Jewellery Trends in Feb 2016 https://t.co/BD5WqK70pH
#Cheerskiyakya https://t.co/Lk61wJWEQh",1,1,1,0,2016-02-19 12:39:28+00:00,en,Cheer Shopping,,2016-02-19,12,Friday
703555883268227072,"Many More to Come! 
#ViratKohli #AsiaCup #IndvsPak https://t.co/QWiKIkXq8H",0,0,0,0,2016-02-27 12:22:48+00:00,en,Cricket Galaxy,,2016-02-27,12,Saturday
742387807906369537,GO GO  https://t.co/9lp9N6Abyo via @Sellfy,2,0,0,0,2016-06-13 16:07:00+00:00,en,Cricket Galaxy,,2016-06-13,16,Monday
783711177008349184,"Subscribe for more: 
https://t.co/tN6c4xPlBm https://t.co/FQoccUfCQm via @Sellfy",0,0,0,0,2016-10-05 16:51:19+00:00,en,Cricket Galaxy,,2016-10-05,16,Wednesday
818065070005559296,Gracias por descargar este template - No olvides seguirme en twitter @WhiteNixYT  https://t.co/DZUmvAYh3X via @Sellfy,0,0,0,0,2017-01-08 12:01:26+00:00,es,Cricket Galaxy,,2017-01-08,12,Sunday
818065824653123584,He descargado un archivo gratuito de @yisusGFX https://t.co/eoaII64sad via @Sellfy,0,0,0,0,2017-01-08 12:04:26+00:00,es,Cricket Galaxy,,2017-01-08,12,Sunday
890258328286265350,https://t.co/ZfKG03V60y,0,0,0,0,2017-07-26 17:11:40+00:00,zxx,Cricket Galaxy,,2017-07-26,17,Wednesday
902574620032647173,"Let's pray for Mumbai.
#MumbaiRains",7,0,0,0,2017-08-29 16:52:13+00:00,en,FitMuscle TV,,2017-08-29,16,Tuesday
903198959484649472,"Good news for you guys. @FitMuscleTV  will be LIVE from Vegas Mr Olympia, this year. Giving you updates 24X7.
#mrOlympia2017 #fitmuscletv",10,1,0,0,2017-08-31 10:13:07+00:00,en,FitMuscle TV,,2017-08-31,10,Thursday
903272926379511809,RT @PHILHEATH: Facts! https://t.co/h217TayNxQ,0,54,0,0,2017-08-31 15:07:02+00:00,en,FitMuscle TV,,2017-08-31,15,Thursday
908901765826854912,Big upsets at the Mr Olympia classic physique..,5,0,3,0,2017-09-16 03:54:02+00:00,en,FitMuscle TV,,2017-09-16,3,Saturday
909262331468701697,"It's a fight between big ramy and bonac 
#mrolympia2017",12,0,1,0,2017-09-17 03:46:47+00:00,en,FitMuscle TV,,2017-09-17,3,Sunday
921754141180829700,"Men's physique has become the worst category to compete in. Everybody has different rules, different expectations.
#MensPhysique",12,0,2,0,2017-10-21 15:04:47+00:00,en,FitMuscle TV,,2017-10-21,15,Saturday
925218137544331265,"Congrats to @JKaliwala for becoming the first ever Indian to enter the IFBB pro league in men's physique division.
#ifbbpro",16,0,3,0,2017-10-31 04:29:28+00:00,en,FitMuscle TV,,2017-10-31,4,Tuesday
932623825350443008,"There are so many online fitness coaches out there, most of them can hardly spell ""coaching"" correctly.
#GoogleGuru",23,3,3,0,2017-11-20 14:57:01+00:00,en,FitMuscle TV,,2017-11-20,14,Monday
932815691031252992,"Winter is for bulking. Is it. Do not use it as an excuse to binge eat.
#winterbulk",24,3,7,0,2017-11-21 03:39:26+00:00,en,FitMuscle TV,,2017-11-21,3,Tuesday
933527781941452800,"What's your favourite cheat meal ?
#cheatmeal",21,2,25,0,2017-11-23 02:49:01+00:00,en,FitMuscle TV,,2017-11-23,2,Thursday
937352188619235330,"When you are in middle of heavy squats and someone farts and walk away. What would you do ?
#proteinfarts",20,0,11,0,2017-12-03 16:05:51+00:00,en,FitMuscle TV,,2017-12-03,16,Sunday
968799035841810435,"Don't miss out tomorrow's vdo on fitmuscletv . It will shock most of you.
Sirf kehna ke liye nahi Bol raha... 
#manboobs",21,1,1,0,2018-02-28 10:44:24+00:00,en,FitMuscle TV,,2018-02-28,10,Wednesday
968860431279427584,"Kal wala vdo , aaj hi upload kar diya..",21,0,4,0,2018-02-28 14:48:22+00:00,hi,FitMuscle TV,,2018-02-28,14,Wednesday
990107687986741249,Going live with Jeet selal @jeetselal in few moments on my YouTube channel join in.,16,1,0,0,2018-04-28 05:57:22+00:00,en,FitMuscle TV,,2018-04-28,5,Saturday
990190425737715712,Had a lovely time with @jeetselal . Super sweet and down to earth guy. Shared lots of insights… https://t.co/Zz3FRhEKf9,25,1,1,0,2018-04-28 11:26:09+00:00,en,FitMuscle TV,,2018-04-28,11,Saturday
1020648384867299328,"It feels good to smile 😄
I’m so excited ahead of my @invisalign_ukie treatment. I can’t wait to help perfect my smile &amp; increase my confidence to smile even more!
#Invisalign #SmileSquad #Ad #Sponsored https://t.co/tZnnm9EhL9",20,1,0,0,2018-07-21 12:35:12+00:00,en,Lilly Sabri,,2018-07-21,12,Saturday
1021138887501058048,"Birthday Smiles 
Happy smiles ahead of heading home to start my @invisalign_ukie treatment very soon! I’m so excited to re find my confidence speaking in front of the camera with a perfected smile. 
#Invisalign #SmileSquad #Ad #Sponsored https://t.co/eAcEES7Z9v",22,0,2,0,2018-07-22 21:04:17+00:00,en,Lilly Sabri,,2018-07-22,21,Sunday
1022220291571941382,"Malaysia, you may just be my new Bali!
You’re definitely just as beautiful 🌍❤️ https://t.co/NZ92JHNZZl",41,3,1,0,2018-07-25 20:41:24+00:00,en,Lilly Sabri,,2018-07-25,20,Wednesday
1022238911853146115,Recently I started vlogging more &amp; I’ve lost so much confidence as I’ve noticed a massive change in my teeth. I’m so excited to start my @invisalign_ukie journey very soon to perfect my smile &amp; confidence #Invisalign #SmileSquad #Ad #Sponsored https://t.co/67f5XLconw,35,3,1,0,2018-07-25 21:55:23+00:00,en,Lilly Sabri,,2018-07-25,21,Wednesday
1027147310814441472,"RT @MoveGB: Won’t stop, can’t stop, don’t stop! 
Keep on pushing yourself and get over the hump day!
Repost: @lillysabri 
Climbing wall: Th…",0,1,0,0,2018-08-08 10:59:37+00:00,en,Lilly Sabri,,2018-08-08,10,Wednesday
1027939756972417025,"DUBAI- The land of Opportunity 🇦🇪
Today is the big day... I’m relocating to Dubai! The build up to this big move has been one massive emotional rollercoaster of I’m totally honest with you… https://t.co/IMHk9SmpWR",6,0,1,0,2018-08-10 15:28:30+00:00,en,Lilly Sabri,,2018-08-10,15,Friday
1032640540028878848,"Eid Mubarak from Dubai 🇦🇪 Out celebrating with alex_tyrwhitt &amp; his familia. What a beautiful first week in Dubai it’s been, so many incredible memories made already.
I can’t wait to share… https://t.co/TUebobFjgr",6,0,0,0,2018-08-23 14:47:44+00:00,en,Lilly Sabri,,2018-08-23,14,Thursday
1032642102889472000,"2 week countdown until I start my @invisalign_ukie treatment. 
Thank you @DrRhonaEskander for looking after me. I can’t wait to see my new perfect smile unfold @DentalChelsea #Invisalign #SmileSquad #Ad #Sponsored https://t.co/jdlwmo8qSW",32,2,1,0,2018-08-23 14:53:57+00:00,en,Lilly Sabri,,2018-08-23,14,Thursday
1032691854062567425,"ABS ABS ABS 10min Challenge. Don’t forget to hit ❤️ &amp; save for later!
Today’s finisher Abs circuit, that is a guaranteed Burn 🔥 Add this on to the end of your next workout &amp; modify each… https://t.co/0ARb5Ptb4Z",7,1,0,0,2018-08-23 18:11:39+00:00,en,Lilly Sabri,,2018-08-23,18,Thursday
1034065561167122432,"TIGHT WAIST WORKOUT 💪🏼
Remember to press ❤️ &amp; save familia! This one has been requested by so many of you- so I really hope you enjoy the burn 🔥
5 exercises, 2 rounds 
1 min on each… https://t.co/JGFAoM23DZ",13,1,1,0,2018-08-27 13:10:16+00:00,en,Lilly Sabri,,2018-08-27,13,Monday
1047438679357227008,"Fitbit OR Apple Watch??? I would love to know your opinion?
VOTE NOW 👇🏼",15,0,4,0,2018-10-03 10:50:16+00:00,en,Lilly Sabri,,2018-10-03,10,Wednesday
1047439500111171584,"What an incredible day @PresenterStudio thanks to @invisalign_ukie Confidence is key when it comes to being comfortable in front of the camera, &amp; they made it possible #Invisalign #SmileSquad #Ad https://t.co/wkdkrLzehI",18,1,4,0,2018-10-03 10:53:31+00:00,en,Lilly Sabri,,2018-10-03,10,Wednesday
1052397421525983233,"RT @TeamYouTube: Thanks for your reports about YouTube, YouTube TV and YouTube Music access issues. We're working on resolving this and wil…",0,29511,0,0,2018-10-17 03:14:32+00:00,en,Lilly Sabri,,2018-10-17,3,Wednesday
1052397623578120192,YouTube is down? Say what? 🙈😫,15,0,1,0,2018-10-17 03:15:20+00:00,en,Lilly Sabri,,2018-10-17,3,Wednesday
1064822445486604288,"3 months ago I moved from LDN - DXB 🇦🇪 to grow my online business further. After listening to @garyvee today, never have I been more sure that was the BEST decision I have ever made 🙏🏼🙏🏼 #SharjahEF #garyvee",31,0,1,0,2018-11-20 10:07:09+00:00,en,Lilly Sabri,,2018-11-20,10,Tuesday
1064825606519603200,"A take home message from the @garyvee ‘When you chase money, you loose, always and forever, even when you win, you still loose’ Let passion guide you, not greed #passionandkindness #SharjahEF #garyvee https://t.co/2xnvkbDFDt",34,5,1,0,2018-11-20 10:19:42+00:00,en,Lilly Sabri,,2018-11-20,10,Tuesday
1064831605326389250,"RT @BIG_HASS: What an incredible moment right here!
Made my way through the bulk of people that were surrounding @garyvee &amp; thanks to Maha…",0,5,0,0,2018-11-20 10:43:32+00:00,en,Lilly Sabri,,2018-11-20,10,Tuesday
1078514731495972864,Thanks @YouTubeIndia,31,2,3,0,2018-12-28 04:55:24+00:00,en,FitMuscle TV,,2018-12-28,4,Friday
1078638675012042759,"RT @randombakkwaas: In India that would be a safety violation.  DGCA and MOCA would create a ruckus. We Indians, as a society lack sense of…",0,18,0,0,2018-12-28 13:07:54+00:00,en,FitMuscle TV,,2018-12-28,13,Friday
1083691295862857728,"Touchdown in Tokyo 🇯🇵 armed with @UKTeam_Optimum to kickstart my recovery &amp; healing process! If you’re looking for me, I’ll be on my crutches, with alex_tyrwhitt exploring one of our… https://t.co/xcqkWRSAkw",26,0,1,0,2019-01-11 11:45:13+00:00,en,Lilly Sabri,,2019-01-11,11,Friday
1086255355183669249,💪😊,45,3,1,0,2019-01-18 13:33:52+00:00,art,FitMuscle TV,,2019-01-18,13,Friday
1105076383234080768,😍😍,216,6,15,0,2019-03-11 12:01:55+00:00,art,FitMuscle TV,,2019-03-11,12,Monday
1197492854815444992,"I can’t believe my @invisalign_ukie treatment has finished. I’ve never felt more confident with my smile, and talking into the camera. Thank you Invisalign for bringing my confidence back 🙏🏼 #invisalignuk #smilesquad #ad https://t.co/xAQvtjo7Uq",184,2,10,0,2019-11-21 12:31:59+00:00,en,Lilly Sabri,,2019-11-21,12,Thursday
1254063452248854529,"MEAL PLAN FOR YOU 

During the lockdown items are limited yet we want variety and we want the food to be nutritious. 
Based on aishwaryarajessh request here is a simple diet you can try following. Leave a👍 if this… https://t.co/Fk4KyQS1GO",0,0,0,0,2020-04-25 15:03:21+00:00,en,Simrun Chopra,,2020-04-25,15,Saturday
1254809205011361794,"HOW WE REFER TO FOOD MATTERS 

Let’s be honest, it is not possible or realistic that you will never eat a chocolate, biscuit or ice cream every again. However, labelling these foods as junk does a few things… https://t.co/JhD0WY7ml0",1,0,0,0,2020-04-27 16:26:42+00:00,en,Simrun Chopra,,2020-04-27,16,Monday
1255533875142578176,"5 MIN Super Home Cardio 

All you need is 5 mins
I've added easier and harder versions so now everyone can do it.

Save this, share this, do this. 
Ask questions if you need help.

There are days I do not feel like… https://t.co/BG5XCT29Th",1,0,0,0,2020-04-29 16:26:17+00:00,en,Simrun Chopra,,2020-04-29,16,Wednesday
1256247344900853763,"She lost 15 kgs post delivery 

Meet Hina, my women of the month &amp; superstar mom. 
She had her share of bad days, with a new born. 
Sometimes she felt demotivated that she wasn’t losing as fast as everyone else. 
We… https://t.co/wArtXOGjlN",1,0,0,0,2020-05-01 15:41:21+00:00,en,Simrun Chopra,,2020-05-01,15,Friday
1257700227701788678,"7 mins CHEST and ARMS workout 
And some abs too 

Save it for tomorrow and share it with a friend or get them to do it with you online. Leave a if you are going to try thi.

Workouts need to be SIMple and effective.… https://t.co/GiN8TJ58so",1,0,0,0,2020-05-05 15:54:35+00:00,en,Simrun Chopra,,2020-05-05,15,Tuesday
1260269800221270018,"Are you intolerant to lactose or gluten ? 

Going glute free and lactose free is the new fad. 
However you only need to avoid the. If you are intolerant. 

I am i tolerant to gluten and milk. Everytime I have rotis… https://t.co/beb8ewHvx5",2,0,0,0,2020-05-12 18:05:09+00:00,en,Simrun Chopra,,2020-05-12,18,Tuesday
1260978233660583938,"4 exercises, 7 mins and a lower body workout you'll love. 

7 mins to get you started. That's what you need for this workout. 

Not feeling motivated. 
Try this 
1. Save the workout 
2. Set a time for tomorrow 
3.… https://t.co/yiprO8n13X",1,0,0,0,2020-05-14 17:00:13+00:00,en,Simrun Chopra,,2020-05-14,17,Thursday
1263153094369705987,"Which is the best milk ? 

There isnt one. Eventually it is based on your entire day and your body. 

Here 
C = CARBS 
S = SUGAR (naturally occurring) 
P = PROTEIN
F = FAT 

I for example am Intolerant to cow's… https://t.co/OVYAeiLlC4",0,0,0,0,2020-05-20 17:02:20+00:00,en,Simrun Chopra,,2020-05-20,17,Wednesday
1265682709050867712,Your fitness goals aren't far from reach. Step up! #Cred https://t.co/qp2aSyWKCS,4,1,0,0,2020-05-27 16:34:07+00:00,en,Simrun Chopra,,2020-05-27,16,Wednesday
1268553372602269696,RT @LivingFoodCo: Feelin' all those Thai Vibes with @SimrunChopra 🧡 Here is Simrun’s take on Thai Stir Fry loaded with our Living Sunflower…,0,1,0,0,2020-06-04 14:41:07+00:00,en,Simrun Chopra,,2020-06-04,14,Thursday
1268576280720691205,"DEALING WITH THE LOCKDOWN WEIGHT 

No matter what you do, or how careful you are, we will have some amount of bloating, water retention and weight gain after being confined for so long.

No meal timings, snacking all… https://t.co/ogkUWgSq8D",1,0,0,0,2020-06-04 16:12:08+00:00,en,Simrun Chopra,,2020-06-04,16,Thursday
1270026726068776968,"Stagnnant stubborn fat to losing 8kgs in 3 months

Finally a plan that fits your lifestyle and gives long term results. 

Meet Bageshwari, women of the month,she had tried many diets. Her weight has been stagnant.… https://t.co/itVCrNRTDE",1,0,0,0,2020-06-08 16:15:42+00:00,en,Simrun Chopra,,2020-06-08,16,Monday
1270027663181254656,"Stagnnant stubborn fat to losing 8kgs in 3 months

Finally a plan that fits your lifestyle and gives long term results. 
Meet Bageshwari, women of the month,she had tried many diets. Her weight has been stagnant.… https://t.co/x5xEJikchu",1,0,0,0,2020-06-08 16:19:25+00:00,en,Simrun Chopra,,2020-06-08,16,Monday
1270394971691122689,"5 min lower body burn

Save this for tomorrow it's a super workout. 
Leave a thumbs up if you're trying it. 

Do 20 reps of each 
3 to 5 rounds 

Mini band squats
Mini bands squat pulse 
Mini band side walk 
Mini… https://t.co/S314B81OJk",1,0,0,0,2020-06-09 16:38:58+00:00,en,Simrun Chopra,,2020-06-09,16,Tuesday
1272576559564689408,"Are you eating the right roti ? 

Is your roti super soft?
Are you looking for companies that promise super soft rotis? 
Are you adding some oil and salt to the dough ? 

If you answered yes to any, it's not the… https://t.co/sLyEfdc5nZ",1,0,0,0,2020-06-15 17:07:49+00:00,en,Simrun Chopra,,2020-06-15,17,Monday
1273996874056380425,"Need your help 
So I can help you 

Every so often I ask you to tell me what matters. Last time it was for videos and ive started adding based on that. 
I prefer to add value to you... so please help me here.

I… https://t.co/76OOBNzSr4",1,0,0,0,2020-06-19 15:11:39+00:00,en,Simrun Chopra,,2020-06-19,15,Friday
1275461665887105031,"5 MINS MINI CARDIO TO GET YOU STARTED + an important message

Not feelling motivated ? No time to workout ? 

Finding time is critical to do this you need to plan and prepare just the way you plan what time you'll… https://t.co/22lKDGUZxj",1,0,0,0,2020-06-23 16:12:12+00:00,en,Simrun Chopra,,2020-06-23,16,Tuesday
1276555307599253504,"ARE ALL CALORIES EQUAL ? 

The 3 dishes in the picture have approximately similar calories. However are they really the same based on nutrition ? 

Read this post and then write which one you think is the… https://t.co/WmEQaBqc2R",0,0,2,0,2020-06-26 16:37:57+00:00,en,Simrun Chopra,,2020-06-26,16,Friday
1279438418846441472,"ARM WORKOUT &amp; ARE YOU GETTING MY EMAILS ? 

I gain on my arms face and stomach first. I still think my arms look too big sometimes. A lot of this is in my head as we set unrealistic expectations. 
I remember doing… https://t.co/AdvqNkT43Q",1,0,0,0,2020-07-04 15:34:24+00:00,en,Simrun Chopra,,2020-07-04,15,Saturday
1289225701057376256,"How to be able to do everything like super woman ? 

I have no idea!! Social media posts portray that people have it all sorted. What is portrayed is not alway reality. 

I'll be honest I have so much to do that… https://t.co/6TPuFFjrEh",1,0,0,0,2020-07-31 15:45:34+00:00,en,Simrun Chopra,,2020-07-31,15,Friday
1320832600253075463,"RT @RunSomeHQ: Sign our open letter - we've just 24 hours left! It'll save lives and make our roads safer for all, including for *all* runn…",0,2,0,0,2020-10-26 21:00:06+00:00,en,The Run Testers,,2020-10-26,21,Monday
1328688883425538048,"Say hello to the Rival, the first ever @wahoofitness sports watch. @KieranAlger, @michaelsawh and @nickharrisfry  have had a few days running with it. Here's our initial thoughts https://t.co/LRjlOwmz5L",3,0,0,0,2020-11-17 13:18:10+00:00,en,The Run Testers,,2020-11-17,13,Tuesday
1331631618033922049,"New video up and one that might prove useful for anyone hunting out a new Garmin watch in the #BlackFriday sales. After years of testing, we pick out the top Garmin watches for every budget @GarminFitness @GarminUK @garmin https://t.co/oqSRUlVjtc #ukrunchat",2,1,0,0,2020-11-25 16:11:32+00:00,en,The Run Testers,,2020-11-25,16,Wednesday
1333825705877139457,"RT @KieranAlger: If you're trying to buy a present for a runner or you're just a runner that deserves to buy a present for themselves, this…",0,1,0,0,2020-12-01 17:30:04+00:00,en,The Run Testers,,2020-12-01,17,Tuesday
1336685931613589507,We like to think we know a thing or two about carbon plate running shoes and the @saucony Endorphin Speed is one of our faves. But how does it hold up after 500km? @nickharrisfry has been putting it to the long-term test to find out. Here's his verdict https://t.co/uElmBaDrkR,0,0,0,0,2020-12-09 14:55:35+00:00,en,The Run Testers,,2020-12-09,14,Wednesday
1338492516287574018,"New video up. We've looked at the best running watch options in Polar and Garmin's ranges, and now we turn our attention to @COROSGlobal. We've tested the Pace 2/Apex/Apex Pro/Vertix extensively, so here's our take on the best Coros option for runners https://t.co/XtX6UD8tSf",1,2,0,0,2020-12-14 14:34:18+00:00,en,The Run Testers,,2020-12-14,14,Monday
1338979097947541506,Still looking for some gift inspiration for the runner in your life? We've handpicked the gear we've loved (and still love) that we think is worth picking up. @veloforte @soar_running @IffleyRd @strydrunning @cimalpofficial https://t.co/Pamx2jlYFJ #running #run,2,1,0,0,2020-12-15 22:47:48+00:00,en,The Run Testers,,2020-12-15,22,Tuesday
1344984103909789697,"New year, new video time. Tom and Nick have been putting the @ASICSUK Gel Nimbus 23 to the run test to see if this is a shoe to turn to when it's time to eat up that daily mileage. #running #ukrunchat  https://t.co/CLRICNqsED",0,0,0,0,2021-01-01 12:29:33+00:00,en,The Run Testers,,2021-01-01,12,Friday
1352561415769513984,We got new video. @nickharrisfry has been doing some long-term run testing with the @SamsungUK Galaxy Buds+. Find out if these should be your next running buds https://t.co/C8sEjUGohO,2,0,0,0,2021-01-22 10:19:05+00:00,en,The Run Testers,,2021-01-22,10,Friday
1353360753122709512,"New up on the Tubes: We've been long-term testing the 
@PolarGlobal Vantage V2 and now we are ready to talk about it. Here's our runner's take on Polar's top end sports watch https://t.co/3ISb0OLREj",0,0,0,0,2021-01-24 15:15:22+00:00,en,The Run Testers,,2021-01-24,15,Sunday
1354025971792412672,"Embargo lifted: We are now allowed to talk about the @thenorthface Flight Vectiv, the first carbon plate trail running shoe. @nickharrisfry and @mrtomwheatley have been giving it the full Testers treatment. Here's our verdict on the Vectiv https://t.co/ZlaEbRXrMt",0,0,0,0,2021-01-26 11:18:42+00:00,en,The Run Testers,,2021-01-26,11,Tuesday
1357353167017623559,Thanks for having us @rinklapp 🙌,1,0,0,0,2021-02-04 15:39:48+00:00,en,The Run Testers,,2021-02-04,15,Thursday
1359514149798182913,"New video up 🎥: Kieran, Mike and Nick have been putting the new @PolarGlobal Verity Sense heart rate monitor armband to the run test. Here's our verdict https://t.co/LHbPdIJWAw @PolarUK_IRE",0,0,0,0,2021-02-10 14:46:46+00:00,en,The Run Testers,,2021-02-10,14,Wednesday
1379791175754874881,RT @RunSomeHQ: Tune in for wit and wisdom of one of our amazing #RunSome #runningmayors @AndyLane27 with  the fleet of foot (and mic) @nick…,0,5,0,0,2021-04-07 13:40:26+00:00,en,The Run Testers,,2021-04-07,13,Wednesday
1392173942782169092,"RT @inov_8: TERRAULTRA G 270 vs TRAILFLY ULTRA G 300 MAX.

Two big-hitting ultra shoes, delivering two different running experiences, both…",0,3,0,0,2021-05-11 17:45:07+00:00,en,The Run Testers,,2021-05-11,17,Tuesday
1393164930736590849,We have something exciting to announce. We’re teaming up with the folks at @COROSGlobal @coros_uk  to dive deep into the tech that makes its watches great running companions. Stay tuned for our first video that’ll be landing very soon. https://t.co/0M9TtQg00x,2,0,0,0,2021-05-14 11:22:57+00:00,en,The Run Testers,,2021-05-14,11,Friday
1400020671707688962,The Run Testers approve this message. @RunSomeHQ @runnersworlduk #globalrunningday2021,0,0,0,0,2021-06-02 09:25:13+00:00,en,The Run Testers,,2021-06-02,9,Wednesday
1400173595658264582,Let's talk about track running. In the first video in our partnership series with @COROSGlobal we take a closer look at what COROS Track Mode does and how to put it to good use for those Track Tuesday and Thursday sessions https://t.co/X6EEKms6qX #AD,1,0,1,0,2021-06-02 19:32:53+00:00,en,The Run Testers,,2021-06-02,19,Wednesday
1402523507557347329,"POWERFUL Push Workout - Upper Body / No Equipment | EPIC Heat - Day 48: https://t.co/teRuaT04jR

#pushworkout #pushupchallenge #pushupworkout #girvanators #epicheat #carolinegirvan #upperbodyworkout",52,1,0,0,2021-06-09 07:10:36+00:00,en,Caroline Girvan,,2021-06-09,7,Wednesday
1403265382325145610,"The last Full Body Friday and the penultimate day in the EPIC Heat Program! We have NO FEAR: https://t.co/HG9V6U58lh

#penultimate #fullbodyworkout #dumbbellworkout #epicheat #epicprogram #carolinegirvan #girvanators",51,3,2,0,2021-06-11 08:18:33+00:00,en,Caroline Girvan,,2021-06-11,8,Friday
1403929597809463304,"We’re in the Endgame now! EMOM Full Body HIIT Workout | EPIC Heat Finale - Day 50 now available here: https://t.co/o9id8Mn0ex

#theendgame #emom #epicheat #finale #hiitworkout #girvanators #carolinegirvan #endgame #workout #YouTube https://t.co/xwEqjc4rBi",109,6,9,0,2021-06-13 04:17:54+00:00,en,Caroline Girvan,,2021-06-13,4,Sunday
1407269017195323395,"Shoulders! Back! Chest! Arms! Core! A demanding upper body workout using primarily dumbbells for resistance to build strength and muscular endurance!  https://t.co/HJaSAfPygC

#upperbodyworkout #arms #shoulders #chest #back #workout #girvanators #carolinegirvan",62,5,3,0,2021-06-22 09:27:34+00:00,en,Caroline Girvan,,2021-06-22,9,Tuesday
1408349417061728262,"Ready for 1 hour hitting the full body? Quads, hamstrings, glutes, back, chest, shoulders, arms and core using dumbbells &amp; bodyweight compound and isolation exercises to make you work really hard! https://t.co/2vpvWoLuB2

#fullbodyfriday #1hourworkout #carolinegirvan",61,2,5,0,2021-06-25 09:00:41+00:00,en,Caroline Girvan,,2021-06-25,9,Friday
1410144840914980866,"Calisthenics full body workout challenging your strength, endurance, balance and coordination through unilateral exercises! https://t.co/37JZalHt81

#calisthenics #unilateralworkout #calisthenicsworkout #noequipment #bodyweightworkout #girvanators #carolinegirvan",63,5,3,0,2021-06-30 07:55:03+00:00,en,Caroline Girvan,,2021-06-30,7,Wednesday
1410896804644798470,"Happy Full Body Friday everyone! I hope you have a great weekend. Here is the latest drop: https://t.co/Xk8zOh9KjD

#fullbodyfriday #workout #dumbbellworkout #45minuteworkout #youtube #girvanators #carolinegirvan #unilateral",57,1,2,0,2021-07-02 09:43:06+00:00,en,Caroline Girvan,,2021-07-02,9,Friday
1411969275443752965,"LEG DAY WORKOUT with Dumbbells - Strong Legs | Circuit Series Day 1 STARTS HERE: https://t.co/LIPXHBllYB

#circuitseries #day1 #legday #legworkout #legcircuits #carolinegirvan #youtube",44,0,2,0,2021-07-05 08:44:43+00:00,en,Caroline Girvan,,2021-07-05,8,Monday
1412319415174057987,"UPPER BODY WORKOUT with Dumbbells - Muscle Building | Circuit Series Day 2 STARTS HERE: https://t.co/5Q90EsYe2y 

#circuitseries #day2 #upperbodyworkout #musclebuilding #upperbodycircuits #carolinegirvan #youtube",60,2,2,0,2021-07-06 07:56:02+00:00,en,Caroline Girvan,,2021-07-06,7,Tuesday
1412679981814198274,"GLUTE WORKOUT with Dumbbells - Glutes Isolation | Circuit Series Day 3 STARTS HERE: https://t.co/aWqepDREY8

#circuitseries #day3 #gluteworkout #gluteisolation #glutes #glutecircuits #carolinegirvan #youtube",60,3,2,0,2021-07-07 07:48:48+00:00,en,Caroline Girvan,,2021-07-07,7,Wednesday
1413399990442106881,"Happy Friday everyone!

1 HOUR FULL BODY WORKOUT with Dumbbells - Strength &amp; Cardio | Circuit Series Day 4 STARTS HERE: https://t.co/shqXfuEoAW

#fullbodyfriday #circuitseries #day4 #strength #cardio #workout #carolinegirvan #girvanators",77,3,2,0,2021-07-09 07:29:52+00:00,en,Caroline Girvan,,2021-07-09,7,Friday
1414181462170034182,"SUNDAY SWEAT FULL BODY HIIT WORKOUT with Dumbbells | Circuit Series Day 5 - The final day STARTS HERE: https://t.co/6iaoo8tCvZ

#circuitseries #day5 #hiitworkout #dumbbellhiit #sundayhiit #finalday #hiitcircuits #carolinegirvan #girvanators #youtube",81,6,5,0,2021-07-11 11:15:09+00:00,en,Caroline Girvan,,2021-07-11,11,Sunday
1430498811877765127,RT @RunningReborn: Brilliant to see to @theruntesters recently and talk all things Running Metrics: https://t.co/g74i6WXcvd https://t.co/OO…,0,1,0,0,2021-08-25 11:54:28+00:00,en,The Run Testers,,2021-08-25,11,Wednesday
1434759880385220610,EPIC III Day 1 begins... and it's LEG DAY let’s go!!! https://t.co/JMnRQkHbn1,198,21,17,0,2021-09-06 06:06:26+00:00,en,Caroline Girvan,,2021-09-06,6,Monday
1435128929715736578,"EPIC Upper Body Workout - Powerful Push &amp; Pull - Day 2 EPIC III: https://t.co/5A9a4FOc81

#epic #epic3 #epicprogram #carolinegirvan #workout #upperbodyworkout #pushups #arms #shoulders #chest #back",89,7,4,0,2021-09-07 06:32:54+00:00,en,Caroline Girvan,,2021-09-07,6,Tuesday
1435460634339119105,Day 3 of EPIC III and it’s EPIC ABS &amp; Glutes: https://t.co/LvlPVH1nYn,92,6,5,0,2021-09-08 04:30:59+00:00,en,Caroline Girvan,,2021-09-08,4,Wednesday
1436210170363793408,"It’s EPIC Friday and Day 4 in the EPIC III Program! Join me here: https://t.co/fXG3YTwn3B

#epic #epic3 #epiciii #epicprogram #carolinegirvan #complexes #fullbody #workout #fullbodyfriday",99,6,3,0,2021-09-10 06:09:22+00:00,en,Caroline Girvan,,2021-09-10,6,Friday
1437742506716934145,"RT @KieranAlger: If you're thinking of investing in a new run tracker ahead of an Autumn marathon, check this first. @theruntesters pick of…",0,1,0,0,2021-09-14 11:38:20+00:00,en,The Run Testers,,2021-09-14,11,Tuesday
1489609639607996417,"RT @pankajgiri31: @flipkartsupport Kal se DM Kiya hu kab reply aayega, aur aayega bhi ya nhi @FlipkartSellers @flipkartsupport @amazonIN @j…",0,1,0,0,2022-02-04 14:39:48+00:00,hi,Cheer Shopping,,2022-02-04,14,Friday
1495384348756832258,Flite slipper https://t.co/u1vGBfceHB,0,0,0,0,2022-02-20 13:06:26+00:00,no,Cheer Shopping,,2022-02-20,13,Sunday
1564044722510888961,"Fit 278 Nutrition Tips To Trim Your Body, Shoulder and Knee Fixes, Embrace Imperfection https://t.co/b71Ghpk2tB",0,0,0,0,2022-08-29 00:18:15+00:00,en,fitgirl,,2022-08-29,0,Monday
1571564194314752000,"Fit 279 Best Workout for Sculpt, Weight Loss, Why Revisited, Nutrition Habits https://t.co/wJKjaSsHJs",0,0,0,0,2022-09-18 18:17:56+00:00,en,fitgirl,,2022-09-18,18,Sunday
1571564197955227649,"Fit 279 Best Workout for Sculpt, Weight Loss, Why Revisited, Nutrition Habits https://t.co/LQzveq7URj",0,0,0,0,2022-09-18 18:17:57+00:00,en,fitgirl,,2022-09-18,18,Sunday
1572202837840658432,"スイングに大切なのは胸郭と骨盤のサイズ

1.胸郭も骨盤も幅が広いタイプ
2.胸郭も骨盤も幅が狭いタイプ
3.胸郭の幅が狭く、骨盤の幅が広いタイプ
4.胸郭の幅が広く、骨盤の幅が狭いタイプ

この4つに分けられ、幅が狭い部位の方が回りやすい

#ゴルフ
#筋トレ
#ストレッチ",0,0,0,0,2022-09-20 12:35:41+00:00,ja,Taichi Workout,,2022-09-20,12,Tuesday
1572231095718146048,"Where is your accountability?
#personalbest #fitnessjourney #workoutmotivation #fitnessaccountability #fitness #gymlove https://t.co/hMWQsggcaX https://t.co/5rG27o6XbN",1,0,0,0,2022-09-20 14:27:58+00:00,en,fitgirl,,2022-09-20,14,Tuesday
1572492368041111552,"ゴルフのスイング中は、全ての関節で回転運動が起こっている。らしい

その回転運動が阻害されたときのみ、前後左右への直線的な動きが生じる。らしい

#ゴルフ
#筋トレ
#ストレッチ",1,0,0,0,2022-09-21 07:46:10+00:00,ja,Taichi Workout,,2022-09-21,7,Wednesday
1572881436822360065,"スイングにおける上体の伸び上がりや軸のズレなどは各関節が正しく回転していればおこらないものなので、どこかの関節が正しく回転していないために起こる代償動作と考えられる。らしい

#ゴルフ
#筋トレ
#ストレッチ",4,0,0,0,2022-09-22 09:32:11+00:00,ja,Taichi Workout,,2022-09-22,9,Thursday
1572942903932231680,"スイングは各関節における回転動作の集合体。らしい

つまりスイングを修正するときは、各関節の回転の動きに問題がないかをチェックすることが大切。らしい

#ゴルフ
#筋トレ
#ストレッチ",4,0,0,0,2022-09-22 13:36:26+00:00,ja,Taichi Workout,,2022-09-22,13,Thursday
1573133560042881024,"ゴルフのスイングで大切なのは、どれだけ回せるかではなく、どれだけスムーズに回せるか。
自分が楽な範囲で回せる方が、スイングの安定感などに繋がる。
らしい

#ゴルフ
#筋トレ
#ストレッチ",3,0,0,0,2022-09-23 02:14:02+00:00,ja,Taichi Workout,,2022-09-23,2,Friday
1573135219967787008,"可動域の拡大
↓
獲得した可動域での筋力発揮

の順番でトレーニングすることが効率的と考えられる

#ゴルフ
#筋トレ
#ストレッチ",2,0,0,0,2022-09-23 02:20:38+00:00,ja,Taichi Workout,,2022-09-23,2,Friday
1573295176638144514,"どうやって回転運動を起こしていくのか、どこを最初に動かすのか、が大切なポイントになってくる。らしい

最初に動かしたところが、その後の運動の連鎖に影響する。らしい

#ゴルフ
#筋トレ
#ストレッチ",3,0,0,0,2022-09-23 12:56:15+00:00,ja,Taichi Workout,,2022-09-23,12,Friday
1573532015487377408,"切り返し以降のゴルフのスイングでは、下半身から始動し骨盤→胸→腕→クラブの順番で伝わって行くのが良いとされている。らしい

#ゴルフ
#筋トレ
#ストレッチ",4,0,0,0,2022-09-24 04:37:21+00:00,ja,Taichi Workout,,2022-09-24,4,Saturday
1573668841388855296,"アドレスで右肩が前に出るエラーがあるが、これは右肩に原因があるのではなく他の箇所に原因があり、右肩が前に出てしまっていることが多い。ホントに大事なのは、何が原因で右肩が前に出ているのかを探しだすこと。らしい

#ゴルフ
#筋トレ
#ストレッチ",4,0,0,0,2022-09-24 13:41:03+00:00,ja,Taichi Workout,,2022-09-24,13,Saturday
1574030584585650176,"体の構造というのは、ドミノ倒しのように連鎖的にそれ以外のポジションを変えていってしまう。らしい

#ゴルフ
#筋トレ
#ストレッチ",1,0,0,0,2022-09-25 13:38:30+00:00,ja,Taichi Workout,,2022-09-25,13,Sunday
1574654957646925825,"エラーが出る最初の地点を見つけ修整できれば、連鎖的にそれ以外のポジションも修整され、当初のエラーが取り除かれることとなる。らしい

#ゴルフ
#筋トレ
#ストレッチ",3,0,0,0,2022-09-27 06:59:32+00:00,ja,Taichi Workout,,2022-09-27,6,Tuesday
1575081008185356288,"現代の人間の姿勢を見ていると、運動機能の面ではひと昔の人類の祖先と比べ、退化しているとも考えられる。らしい

#ゴルフ
#筋トレ
#ストレッチ",3,0,0,0,2022-09-28 11:12:30+00:00,ja,Taichi Workout,,2022-09-28,11,Wednesday
1575335426990088192,"100年前の人類と現代人の骨格を比較すると、現代人の方が頭蓋骨が小さくあごも小さくなっている。らしい

#ゴルフ
#筋トレ
#ストレッチ",3,0,0,0,2022-09-29 04:03:28+00:00,ja,Taichi Workout,,2022-09-29,4,Thursday
1575336524341604352,"あごが小さくなると、したあごが奥に引っ込み首の骨を押し出し、首が前に傾いて頭が出やすくなる。
頭が前に出ると、両肩が丸まって胸の筋肉が縮み、首や肩が回転しにくくなる。らしい

#ゴルフ
#筋トレ
#ストレッチ",6,0,0,0,2022-09-29 04:07:50+00:00,ja,Taichi Workout,,2022-09-29,4,Thursday
1576743153100537857,Fit 280: Tools to Eliminate Stress Eating https://t.co/W0EPfik17v,0,0,0,0,2022-10-03 01:17:16+00:00,en,fitgirl,,2022-10-03,1,Monday
1576743220595261442,Fit 280: Tools to Eliminate Stress Eating https://t.co/j3Bfd893Ri,0,0,0,0,2022-10-03 01:17:32+00:00,en,fitgirl,,2022-10-03,1,Monday
1583538104517812224,Fit 281 Fix Your Cravings with Just One of Six Essential Tools! https://t.co/YssdTdQ1By,0,0,0,0,2022-10-21 19:17:59+00:00,en,fitgirl,,2022-10-21,19,Friday
1583538107881730048,Fit 281 Fix Your Cravings with Just One of Six Essential Tools! https://t.co/xpUNI5SzF9,0,0,0,0,2022-10-21 19:18:00+00:00,en,fitgirl,,2022-10-21,19,Friday
1586897654055079936,Fit 282: The secret body part that makes you metabolically flexible to burn fat all day long! https://t.co/v6FMdNzei9,0,0,0,0,2022-10-31 01:47:38+00:00,en,fitgirl,,2022-10-31,1,Monday
1586897657309659136,Fit 282: The secret body part that makes you metabolically flexible to burn fat all day long! https://t.co/Pp2NDsuDl2,0,0,0,0,2022-10-31 01:47:39+00:00,en,fitgirl,,2022-10-31,1,Monday
1587572127632343040,All New! Everything in one place and more gym workout downloads added daily!!! Become a charter member! Save with code HALLOWFITWEEN until end of the month! link: https://t.co/B1UlY60oeP #fitnesscommunity #getinshape #fitgirl https://t.co/PJd4qEWMEM https://t.co/w0BYouDvjy,0,0,0,0,2022-11-01 22:27:45+00:00,en,fitgirl,,2022-11-01,22,Tuesday
1591125464042569742,"Fit 283 One Vital Exercise for Core, Balance and anyone over 40!  Support Yourself! #1 Thanksgiving Mistake https://t.co/iCpOVXZ1yw",0,0,0,0,2022-11-11 17:47:26+00:00,en,fitgirl,,2022-11-11,17,Friday
1591125470279774209,"Fit 283 One Vital Exercise for Core, Balance and anyone over 40!  Support Yourself! #1 Thanksgiving Mistake https://t.co/zQOQPzZm8a",0,0,0,0,2022-11-11 17:47:28+00:00,en,fitgirl,,2022-11-11,17,Friday
1591489952507887618,Best action sports shoes under 1000 @CheerShopingALD @pankajgiri31 https://t.co/aYOc3PPdKQ,1,0,0,0,2022-11-12 17:55:47+00:00,en,Cheer Shopping,,2022-11-12,17,Saturday
1592526799279624192,Asian Sports Shoes #asianshoes #shoes #chershopping #shoesformen https://t.co/qv3jGNWzlU,0,1,0,0,2022-11-15 14:35:51+00:00,en,Cheer Shopping,,2022-11-15,14,Tuesday
1592543075687337984,Asian Sports Shoes #Shoes4Everone #cheershopping https://t.co/tiogAMKPrm,3,0,0,0,2022-11-15 15:40:31+00:00,en,Cheer Shopping,,2022-11-15,15,Tuesday
1593240769657475073,"Full Video 
https://t.co/3qoVaDbDZS https://t.co/5Hiy3KeNyI",1,0,0,0,2022-11-17 13:52:55+00:00,en,Cheer Shopping,,2022-11-17,13,Thursday
1593671672519065601,https://t.co/Hgt45tthH7,0,0,0,0,2022-11-18 18:25:10+00:00,zxx,Cheer Shopping,,2022-11-18,18,Friday
1594693776747831296,Full Video https://t.co/g565W8wKEA https://t.co/ux0eDW3Mn4,4,0,0,0,2022-11-21 14:06:39+00:00,en,Cheer Shopping,,2022-11-21,14,Monday
1596136568913219584,Campus sports shoes - New Arrivals https://t.co/weKopapijZ,2,0,0,0,2022-11-25 13:39:47+00:00,en,Cheer Shopping,,2022-11-25,13,Friday
1597912336182161408,Campus new arrivals shoes #shoes #sports #newshoes https://t.co/K14Ns40b09,3,0,0,0,2022-11-30 11:16:03+00:00,en,Cheer Shopping,,2022-11-30,11,Wednesday
1667351464350568455,"I was so outraged by this that I actually posted about it on FB. https://t.co/ShJHyJEjIe   I’ve not been doing social media lately, but this lady needs some sense! #saveTuckerthedog #commonsense https://t.co/kUCl4EOUPH",1,0,0,0,2023-06-10 02:02:21+00:00,en,fitgirl,,2023-06-10,2,Saturday
1677724175660732418,New Podcast Episode and Videos! https://t.co/QoR1yu4gS3,0,0,0,0,2023-07-08 16:59:48+00:00,en,fitgirl,,2023-07-08,16,Saturday
1680219440598614016,Recent Episodes and Videos You Gotta See! https://t.co/rQEqL55Uuw,0,0,0,0,2023-07-15 14:15:06+00:00,en,fitgirl,,2023-07-15,14,Saturday
1682619536418435074,"Emang bener kata @halief , nextnya tiket VIB ajalah 😂, umur gak bohong.",1,0,1,0,2023-07-22 05:12:13+00:00,in,Deon,,2023-07-22,5,Saturday
1682776565887938563,Good job boys!,0,0,0,0,2023-07-22 15:36:12+00:00,en,Deon,,2023-07-22,15,Saturday
1682934788532080642,"Ah so goblo, dasar white people privilege gak pada tempatnya sih.",1,0,2,0,2023-07-23 02:04:55+00:00,in,Deon,,2023-07-23,2,Sunday
1683138957750734848,Bocah kelakuan 😂.,0,0,0,0,2023-07-23 15:36:13+00:00,in,Deon,,2023-07-23,15,Sunday
1684008732060180482,RT @Thereisnocat_: https://t.co/Ou1BNy1QiN https://t.co/NXf1kDOpF6,0,8056,0,0,2023-07-26 01:12:23+00:00,zxx,Deon,,2023-07-26,1,Wednesday
1684582044557516801,Hummer Nabi Adam.,3,3,2,0,2023-07-27 15:10:32+00:00,tl,Deon,,2023-07-27,15,Thursday
1684864819692978176,Gara-gara @halief. https://t.co/o49ExOW9Cz,2,0,1,0,2023-07-28 09:54:10+00:00,eu,Deon,,2023-07-28,9,Friday
1685153577789202432,"Apa gw gak usah update twitter app ya, sampai gak support lagi terus 👋🏽.",0,0,0,0,2023-07-29 05:01:36+00:00,in,Deon,,2023-07-29,5,Saturday
1685541551655833601,Yhaaaa! https://t.co/AsannoFnqK,1,0,1,0,2023-07-30 06:43:16+00:00,und,Deon,,2023-07-30,6,Sunday
1686221564860342272,Deleted twitter app on iPhone. 👋,0,0,0,0,2023-08-01 03:45:24+00:00,en,Deon,,2023-08-01,3,Tuesday
1721548083803341287,"RT @ammyclasses: Harassed by chanda collectors Today. They have threatened that they will not let us stay in the locality, if we don't give…",0,1,0,0,2023-11-06 15:20:22+00:00,en,Sports Baazar,,2023-11-06,15,Monday
1749592706878476501,RT @pinot: done first pixel art project in 2024! https://t.co/NzKa2mA3ze,0,249,0,0,2024-01-23 00:39:41+00:00,en,Deon,,2024-01-23,0,Tuesday
1786653978471571676,"Edge logs me out of Gmail every time I close the browser

@Microsoft @Office @MicrosoftEdge",0,0,0,0,2024-05-04 07:07:57+00:00,en,Sports Baazar,,2024-05-04,7,Saturday
1787328775388295608,Dear Netizen. https://t.co/gQbDH61gpC,2,1,1,0,2024-05-06 03:49:21+00:00,eu,Deon,,2024-05-06,3,Monday
1793407315862831252,My FIRST EVER fitness photo revealed! https://t.co/Fy3R19BX83,0,0,0,0,2024-05-22 22:23:18+00:00,en,fitgirl,,2024-05-22,22,Wednesday
1801942247363256728,"#BestScene094
As a special project of #ONEPIECEDAY24, #OnePieceAnimeBestScenesPoll will take place to celebrate the 25th anniversary!

The Top 30 will be announced at the open stage on #ONEPIECEDAY24 DAY1!
Your vote matters!
@Eiichiro_Staff
https://t.co/VSByyhrIum",0,0,0,0,2024-06-15 11:38:04+00:00,en,Deon,,2024-06-15,11,Saturday
1819653181619818702,"RT @ditut: Edisi sayang Papin @pinotski. Nyampe jg kaos pixel by pixelnya di NYC. Topi gemes tentunya ada di sini :

https://t.co/2ZsunwC20…",0,1,0,0,2024-08-03 08:35:00+00:00,in,Deon,,2024-08-03,8,Saturday
1830690523402621199,New Video! The Truth About Booty Workouts! https://t.co/rQwMwqUxuy,0,0,0,0,2024-09-02 19:33:28+00:00,en,fitgirl,,2024-09-02,19,Monday
1835672502166831513,"RT @ditut: We did it! List art book published internationally udah checked ✅ ya, Papin. Next? Exhibition 🔥🔥🔥 Mimpi gak boleh berhenti krn i…",0,112,0,0,2024-09-16 13:30:04+00:00,in,Deon,,2024-09-16,13,Monday
1837465010332725432,"New Video! Leg Press Swaps with Bands, Balls &amp; Weights https://t.co/Heqb4YhuxY",0,0,0,0,2024-09-21 12:12:51+00:00,en,fitgirl,,2024-09-21,12,Saturday
1853096094084829334,Two Quick Questions (Easy Answers) https://t.co/kkjBlw1zv1,0,0,0,0,2024-11-03 15:25:12+00:00,en,fitgirl,,2024-11-03,15,Sunday
1853742673032847687,Sekarang liat list di sini gimana caranya sih? Lol.,2,1,1,0,2024-11-05 10:14:28+00:00,in,Deon,,2024-11-05,10,Tuesday
1860873799488446578,https://t.co/q0t2hBlNuQ,70,7,3,0,2024-11-25 02:31:01+00:00,zxx,Caroline Girvan,,2024-11-25,2,Monday
1860890075451601182,"RT @VirginRadioUK: Join the home workout community with @CarolineGirvan and feel EPIC 💪

Find her workouts at: https://t.co/Y8Tq2t8hZK 

#C…",0,6,0,0,2024-11-25 03:35:42+00:00,en,Caroline Girvan,,2024-11-25,3,Monday
1863213489617006749,https://t.co/cFILFA1e9G,114,11,19,0,2024-12-01 13:28:07+00:00,zxx,Caroline Girvan,,2024-12-01,13,Sunday
1961378001607954499,RT @nicsap: Mundur Pak.,0,41008,0,0,2025-08-29 10:38:50+00:00,in,Deon,,2025-08-29,10,Friday
1978731251914936697,"Delhivery manager Vishwas Kumar Singh blocked my account without reason, changed my pickup location, dispatched my parcels, and is now holding my remittance. He even blocked my number. @delhivery please resolve this immediately. @help_delhivery",0,0,0,0,2025-10-16 07:54:28+00:00,en,Sports Baazar,,2025-10-16,7,Thursday
1978737449451876818,"Still no response! My remittance amount has been pending for 3 days — no update, no clarity. This delay is causing serious inconvenience. Please explain the reason behind it and clear all pending COD remittances today. I expect a prompt resolution. @delhivery #Delhivery",0,0,0,0,2025-10-16 08:19:05+00:00,en,Sports Baazar,,2025-10-16,8,Thursday
1980644841869529409,31 AEROBICS WORKOUT FOR WOMEN AT HOME #workout4d #4dworkout #exercise #fitness https://t.co/NjUOaDND0c,1,0,0,0,2025-10-21 14:38:23+00:00,en,Workout 4D,,2025-10-21,14,Tuesday
1980931985649324089,28 ARM EXERCISES FOR FLABBY ARMS #workout4d #4dworkout #exercise #fitness https://t.co/KAoVJwNCqn,1,0,0,0,2025-10-22 09:39:23+00:00,en,Workout 4D,,2025-10-22,9,Wednesday
1981286950834184633,1 MIN VER C195 - ARMS + SHOULDERS + COLLARBONE + CHEST + NECK TOTAL UPPER BODY WORKOUT #workout4d #4dworkout #exercise #fitness https://t.co/AKoFBTKnox,1,0,0,0,2025-10-23 09:09:54+00:00,en,Workout 4D,,2025-10-23,9,Thursday
1981354585546441112,1 MIN VER C196 - REDUCE SIDE WAIST &amp; BLOATED BELLY 12 DAYS #workout4d #4dworkout #exercise #fitness https://t.co/1TXcnNhLPk,1,0,0,0,2025-10-23 13:38:39+00:00,en,Workout 4D,,2025-10-23,13,Thursday
1981656717206188075,1 MIN VER C192 - Fat to Fit Easy Full Body Weight Loss Transformation in 4 Weeks #workout4d #4dworkout #exercise #fitness https://t.co/A2fQQMXoJZ,1,0,0,0,2025-10-24 09:39:13+00:00,en,Workout 4D,,2025-10-24,9,Friday
1981717150365560864,1 MIN VER C188 - LOSE INNER THIGH FAT EASILY AT HOME NO REPEAT NO EQUIPMENT #workout4d #4dworkout #exercise #fitness https://t.co/OUM88jkPvY,1,0,0,0,2025-10-24 13:39:21+00:00,en,Workout 4D,,2025-10-24,13,Friday
1982018968073236634,1 MIN VER C194 - STANDING MORNING WORKOUT DO THIS EVERY MORNING FOR 3 WEEKS #workout4d #4dworkout #exercise #fitness https://t.co/zWOZIwLbnf,1,0,0,0,2025-10-25 09:38:40+00:00,en,Workout 4D,,2025-10-25,9,Saturday
1982079294273667346,1 MIN VER C191 - DO THIS WORKOUT EVERY EVENING AND SEE HOW YOUR BODY CHANGES #workout4d #4dworkout #exercise #fitness https://t.co/n72WgpSk6E,1,0,0,0,2025-10-25 13:38:23+00:00,en,Workout 4D,,2025-10-25,13,Saturday
1982381214049747067,1 MIN VER C193 - MUFFIN TOP + LOVE HANDLES 14 DAYS CHALLENGE #workout4d #4dworkout #exercise #fitness https://t.co/fVUsOtYCE6,1,0,0,0,2025-10-26 09:38:06+00:00,en,Workout 4D,,2025-10-26,9,Sunday
1982456748368638398,1 MIN VER B224 - ARMS &amp; LEGS 2-in-1 Workout for Beginners! (2024) #workout4d #4dworkout #exercise #fitness https://t.co/QSgqGdeEbK,1,0,0,0,2025-10-26 14:38:15+00:00,en,Workout 4D,,2025-10-26,14,Sunday
1982743279960461685,1 MIN VER E267 - FIX YOUR SIDE DIPS IN 10 DAYS JUST DO 2 SETS EVERYDAY #workout4d #4dworkout #exercise #fitness https://t.co/u0lCXXusjF,1,0,0,0,2025-10-27 09:36:50+00:00,en,Workout 4D,,2025-10-27,9,Monday
1982804172505296988,1 MIN VER B223 - Get Rid of LOVE HANDLES Fast with These Simple Moves #workout4d #4dworkout #exercise #fitness https://t.co/oKsaSv7OOb,1,0,0,0,2025-10-27 13:38:48+00:00,en,Workout 4D,,2025-10-27,13,Monday
1983105780099215791,1 MIN VER B211 - ZONE 2 CARDIO WORKOUT TO MELT BODY FAT AT HOME #workout4d #4dworkout #exercise #fitness https://t.co/RJpLp2j2H5,0,0,0,0,2025-10-28 09:37:16+00:00,en,Workout 4D,,2025-10-28,9,Tuesday
1983181927612850663,1 MIN VER 210 - 8 DAYS SLIM CALF WORKOUT BEST CALVES SLIMMING EXERCISES #workout4d #4dworkout #exercise #fitness https://t.co/wpqg8CRaGB,0,0,0,0,2025-10-28 14:39:51+00:00,en,Workout 4D,,2025-10-28,14,Tuesday
1983550741714210878,1 MIN VER B225 - ULTIMATE Full Body Fat Burning Workout for Fast Results (2024) #workout4d #4dworkout #exercise #fitness https://t.co/Az83uGKtJ3,0,0,0,0,2025-10-29 15:05:24+00:00,en,Workout 4D,,2025-10-29,15,Wednesday
1983785362771091947,1 MIN VER B210 - FIX MOMMY BELLY #workout4d #4dworkout #exercise #fitness https://t.co/XkG7KFQMG8,0,0,0,0,2025-10-30 06:37:42+00:00,en,Workout 4D,,2025-10-30,6,Thursday
1983921773063110747,C189 - DOUBLE CHIN FAT &amp; FACE LIFT 5-DAY FACE WORKOUT CHALLENGE #workout4d #4dworkout #exercise #fitness https://t.co/TyvwHctvFx,0,0,0,0,2025-10-30 15:39:44+00:00,en,Workout 4D,,2025-10-30,15,Thursday
1984162320256209113,E65 - Best 21-Day Lower Belly Fat Burn Program #workout4d #4dworkout #exercise #fitness https://t.co/Bv6Fsq2L8S,0,0,0,0,2025-10-31 07:35:35+00:00,en,Workout 4D,,2025-10-31,7,Friday
1984276699261862387,B218 - ALL STANDING WORKOUTS FOR FULL BODY WEIGHT LOSS #workout4d #4dworkout #exercise #fitness https://t.co/kR4eOAergr,0,0,0,0,2025-10-31 15:10:05+00:00,en,Workout 4D,,2025-10-31,15,Friday
1984540288174420201,C190 - 14 DAY SAGGY CHEST WORKOUT MUST TRY! #workout4d #4dworkout #exercise #fitness https://t.co/zkwIrxJfOa,1,0,0,0,2025-11-01 08:37:30+00:00,en,Workout 4D,,2025-11-01,8,Saturday
1999495708421029948,"The Wade Shadow 7 is a nice step up for the competitively-priced Shadow line. And you know we need better performance at better prices in this economy.

Watch the review --&gt; https://t.co/H1C8tJKkCv https://t.co/wC10NqrIDw",1,0,0,0,2025-12-12 15:05:00+00:00,en,WearTesters,,2025-12-12,15,Friday
2000611974011629584,"The definitive list of the Best Basketball Shoes of 2025 is now live.

Watch --&gt; https://t.co/me6XIuggWs

What's your favorite bball shoe of 2025? https://t.co/s3FndXrnU3",5,1,1,0,2025-12-15 17:00:38+00:00,en,WearTesters,,2025-12-15,17,Monday
2001671141451256006,"While not his signature shoe, the 361 Zen 7 is an interesting option from Aaron Gordon's shoe line.

Watch our detailed review --&gt; https://t.co/rmmSatoq5B https://t.co/eB02WaOVO2",4,0,0,0,2025-12-18 15:09:24+00:00,en,WearTesters,,2025-12-18,15,Thursday
2001671544460972072,RT @ron_gt: Zamst A2-DX Ankle Brace Review: Trusted by NBA Players and WearTesters https://t.co/7LvvuYbGcN @WearTestersより,0,1,0,0,2025-12-18 15:11:00+00:00,en,WearTesters,,2025-12-18,15,Thursday
2002032423979094232,"What do you think? Is this the best colorway of the Air Jordan 40?

@nightwing2303 gives his opinion along with a bunch of on court related thoughts in today's video --&gt; https://t.co/SN64WoiJvc https://t.co/90VnJbY2v7",10,0,0,0,2025-12-19 15:05:00+00:00,en,WearTesters,,2025-12-19,15,Friday
2003152598019502190,"In today's video, Chris takes a detailed look at Nikola Jokic's second signature shoe, the Joker 2. Are you interested in the 3-time MVP's new shoe?

Watch the review --&gt; https://t.co/xLH14huvUp https://t.co/LOj9XdQqT4",8,1,0,0,2025-12-22 17:16:10+00:00,en,WearTesters,,2025-12-22,17,Monday
2005663506511909372,"The future is here. 

Watch the Nike GT Future review --&gt; https://t.co/4wPksoRJul https://t.co/dFGNXcTE3V",6,0,1,0,2025-12-29 15:33:38+00:00,en,WearTesters,,2025-12-29,15,Monday
2006033179476476328,RT @BartBartokomous: @SteamBoatKil @WearTesters I second this. The people really need this @Nightwing2303,0,1,0,0,2025-12-30 16:02:34+00:00,en,WearTesters,,2025-12-30,16,Tuesday
2006381082464104948,"Originally released in April 2021, Nike's most popular recent basketball shoe is back as a retro 4 years later.

Nike GT Cut Retro review --&gt; https://t.co/Op4YzsGqq6 https://t.co/ZDT7Yc7m63",5,0,0,0,2025-12-31 15:05:01+00:00,en,WearTesters,,2025-12-31,15,Wednesday
2007120259682361395,"The adidas Harden Vol 10 looks inflexible and stiff, but it's better than expected. It also retains many of the attributes that made the James Harden shoe line a consistent high performer.

Watch the review --&gt; https://t.co/hGc0CmK4S3 https://t.co/JyPKjxKRvT",2,0,1,0,2026-01-02 16:02:15+00:00,en,WearTesters,,2026-01-02,16,Friday
2008195558926917881,"The Nike Precision 8 is a solid buy if you need a basketball performance shoe on a budget.

Watch the review --&gt; https://t.co/PTGjN86F6U https://t.co/IhEO22VwA4",4,0,0,0,2026-01-05 15:15:06+00:00,en,WearTesters,,2026-01-05,15,Monday
2008555154140717152,"Aaron Gordon's sixth signature shoe, the 361 AG 6, strays away from his previous model, borrows a bit from another shoe, but ends up in a very solid spot performance wise.

Watch the review --&gt; https://t.co/ro0DlXHJzh https://t.co/XGpqZLtuXv",8,0,0,0,2026-01-06 15:04:00+00:00,en,WearTesters,,2026-01-06,15,Tuesday
2009642569186103464,"Devin Booker's second signature shoe, the Nike Book 2, is in for testing. And as you may have guessed, it's a mixed bag.

Watch the review --&gt; https://t.co/LtFm0zNbpf https://t.co/hw9mpyFyjB",7,0,0,0,2026-01-09 15:05:00+00:00,en,WearTesters,,2026-01-09,15,Friday
2010756238456627550,"The Air Jordan 4 Flight Club is what Jordan Brand should be doing with every release.

Watch the review --&gt; https://t.co/gIqV32id1S https://t.co/d224TCwByF",16,1,1,0,2026-01-12 16:50:19+00:00,en,WearTesters,,2026-01-12,16,Monday
2011460073156178148,"Does the Nike Mind 002 actually activate your senses, boost your brain, and better connect your mind and body?

We're skeptical but we still had to check it out and let you know our thoughts on Nike's latest innovation.

Watch --&gt; https://t.co/KmOIyejtni https://t.co/kcP0s6kthc",6,0,1,0,2026-01-14 15:27:07+00:00,en,WearTesters,,2026-01-14,15,Wednesday
2012202326690271707,"Can the Jordan Luka 5 buck the trend of mediocre Luka Doncic shoes?

Watch the review --&gt; https://t.co/zY0qaTl7D5 https://t.co/2L3rg7kZWM",3,1,1,0,2026-01-16 16:36:34+00:00,en,WearTesters,,2026-01-16,16,Friday
2013645043316535529,"A new basketball shoe of the year contender has emerged, and the brand and model will likely surprise you.

Watch the review --&gt; https://t.co/TrHmDSo9j3 https://t.co/GEQoIACQ0B",5,0,0,0,2026-01-20 16:09:24+00:00,en,WearTesters,,2026-01-20,16,Tuesday
2014714992491446715,"The latest incarnation of the Air Jordan 6 Infrared unearths a hidden gem that reached apocryphal status with older sneakerheads. And they way Jordan Brand brought it back will help new sneakerheads learn about an iconic sneaker moment.

Watch --&gt; https://t.co/XAm51p47PQ https://t.co/GLxVBnTIBX",17,2,1,0,2026-01-23 15:01:00+00:00,en,WearTesters,,2026-01-23,15,Friday
2016631842938470666,"Celebrating arguably Kobe's greatest performance, the iconic Nike Kobe 1 Protro 81 Point Game is back. But is it better than ever?

Watch the review --&gt; https://t.co/znSlzVM0ve https://t.co/dPsD1di6Kw",19,2,0,0,2026-01-28 21:57:53+00:00,en,WearTesters,,2026-01-28,21,Wednesday
2026761506046750799,"RT @shontong81: @zSneakerHeadz @sneakerfiles please @nikebasketball listen to @WearTesters so these can be real ""basketball"" performing sho…",0,1,0,0,2026-02-25 20:49:33+00:00,en,WearTesters,,2026-02-25,20,Wednesday
