tweet_id,brand,twitter_handle,text,likes,retweets,replies,published_at,lang,mentions,has_influencer_mention,date,hour,day_of_week
641622013254041600,Cult Fit,cultfit,:Perfection: https://t.co/jKDbkYm4m2 http://t.co/xfBiMfwAMw,0,0,0,2015-09-09 14:39:43+00:00,en,,False,2015-09-09,14,Wednesday
641940947027136512,Cult Fit,cultfit,knots https://t.co/ihmykX5mNI http://t.co/IKCEHMmYjF,0,0,0,2015-09-10 11:47:03+00:00,en,,False,2015-09-10,11,Thursday
663063891023257601,Cult Fit,cultfit,Far too : Long : https://t.co/iRHf9bJFH0,0,0,0,2015-11-07 18:42:05+00:00,en,,False,2015-11-07,18,Saturday
667340150762962944,Cult Fit,cultfit,Winter Winds Cold and Blea https://t.co/woXEBxklqC https://t.co/KrZqOwdAG4,0,0,0,2015-11-19 13:54:25+00:00,en,,False,2015-11-19,13,Thursday
667770470201102341,Cult Fit,cultfit,Without :Me: https://t.co/uYcLdQX3Ab,0,0,0,2015-11-20 18:24:21+00:00,en,,False,2015-11-20,18,Friday
668843590122995713,Cult Fit,cultfit,:Lonely: in Cambrdige https://t.co/xUgR8bhR34 https://t.co/OFHwSwahyK,0,0,0,2015-11-23 17:28:33+00:00,en,,False,2015-11-23,17,Monday
671287124889473024,Cult Fit,cultfit,:Letter: https://t.co/6vekw32thQ https://t.co/ra9jGwKXcC,0,0,0,2015-11-30 11:18:17+00:00,en,,False,2015-11-30,11,Monday
672374845238214662,Cult Fit,cultfit,Nothing in Common https://t.co/6qbyKJLWeq https://t.co/KuhtR52ETE,0,0,0,2015-12-03 11:20:29+00:00,en,,False,2015-12-03,11,Thursday
672855169843892224,Cult Fit,cultfit,Get on with : it : https://t.co/Ikt700MdEq,0,0,0,2015-12-04 19:09:08+00:00,en,,False,2015-12-04,19,Friday
672867184574464000,Cult Fit,cultfit,Fragile : Life : https://t.co/ZNLTL9jb39,0,0,0,2015-12-04 19:56:52+00:00,en,,False,2015-12-04,19,Friday
674282081858420736,Cult Fit,cultfit,Open : Heart : https://t.co/khlbeIr6kO https://t.co/hNFKmFQ7YQ,0,0,0,2015-12-08 17:39:10+00:00,en,,False,2015-12-08,17,Tuesday
677516503550320640,Cult Fit,cultfit,A Blessing https://t.co/4PBJMFnr6V https://t.co/TpeLEIvW7A,0,0,0,2015-12-17 15:51:36+00:00,en,,False,2015-12-17,15,Thursday
699276932781715456,Cult Fit,cultfit,: Someplace : https://t.co/SdXFiXqk1i,0,0,0,2016-02-15 16:59:47+00:00,en,,False,2016-02-15,16,Monday
703992417851027456,Cult Fit,cultfit,: Homesick : https://t.co/7cR2x7s5A7 https://t.co/NolgZZUk5X,0,0,0,2016-02-28 17:17:26+00:00,en,,False,2016-02-28,17,Sunday
718707329676390401,Cult Fit,cultfit,: Mindful(less) : https://t.co/L5Etv2f768 https://t.co/aI0FTxWnNR,0,0,0,2016-04-09 07:49:14+00:00,en,,False,2016-04-09,7,Saturday
719557215019868160,Cult Fit,cultfit,: Hell of the North : https://t.co/0KZjYcSqWp https://t.co/qiaZymTLpm,0,0,0,2016-04-11 16:06:23+00:00,en,,False,2016-04-11,16,Monday
721353828075896834,Cult Fit,cultfit,Sweet : Solitude : https://t.co/bZm6Yem9Ea https://t.co/AzP2G0CitY,0,0,0,2016-04-16 15:05:29+00:00,en,,False,2016-04-16,15,Saturday
723898253893242880,Cult Fit,cultfit,Here and : Now : https://t.co/u1017b1wYx https://t.co/ZET1hXU66c,0,0,0,2016-04-23 15:36:07+00:00,en,,False,2016-04-23,15,Saturday
744215095463411712,Cult Fit,cultfit,Magic Theater – Entrance Not For : Everybody : https://t.co/4bq2fqnnzd https://t.co/oQvwzXdWgW,0,0,0,2016-06-18 17:08:00+00:00,en,,False,2016-06-18,17,Saturday
746785494848024576,Cult Fit,cultfit,: Dilucidar : https://t.co/35PWslxyrk https://t.co/zi8CVcBqVu,2,0,0,2016-06-25 19:21:51+00:00,es,,False,2016-06-25,19,Saturday
1766153101495718237,Lululemon,,"#lululemonFURTHER – Day 3, Mar 8, 9am PST

🔘 M. Farrah-Seaton: 127.3 mi
🔘 S. Flippin: 35.7 mi
🔘 C. Herron: 247.1 mi
🔘 K. Jeter: 104.4 mi
🔘 X. Jia: 101.9 mi
🔘 Y. Kang: 104.4 mi
🔘 V. Kwok: 58.6 mi
🔘 M. Valerio: 53.5 mi
🔘 D. Yanko: 157.9 mi
🔘 L. Yingling: 191 mi",22,1,1,2024-03-08 17:24:47+00:00,ht,,False,2024-03-08,17,Friday
1766172761024782387,Lululemon,,"🚨 BREAKING NEWS 🚨

Camille Herron (@runcamille) just set the new 48 hour American Road Record and ran 247.73 miles. All in 2 days work at #lululemonFURTHER. https://t.co/mRU299ixLy",758,65,18,2024-03-08 18:42:54+00:00,en,runcamille,True,2024-03-08,18,Friday
1766269715033522304,Lululemon,,"#lululemonFURTHER – Day 3, Mar 8, 5pm PST

🔘 M. Farrah-Seaton: 155.4 mi
🔘 S. Flippin: 43.3 mi
🔘 C. Herron: 280.2 mi
🔘 K. Jeter: 122.3 mi
🔘 X. Jia: 122.3 mi
🔘 Y. Kang: 122.3 mi
🔘 V. Kwok: 68.8 mi
🔘 M. Valerio: 61.1 mi
🔘 D. Yanko: 157.9 mi
🔘 L. Yingling: 196.1 mi",30,4,0,2024-03-09 01:08:10+00:00,ht,,False,2024-03-09,1,Saturday
1766514074223817105,Lululemon,,"#lululemonFURTHER – Day 4, Mar 9, 9am PST

🔘 M. Farrah-Seaton: 188.5 mi
🔘 S. Flippin: 50.9 mi
🔘 C. Herron: 341.3 mi
🔘 K. Jeter: 147.7 mi
🔘 X. Jia: 152.8 mi
🔘 Y. Kang: 157.9 mi
🔘 V. Kwok: 84 mi
🔘 M. Valerio: 76.4 mi
🔘 D. Yanko: 160.5 mi
🔘 L. Yingling: 249.6 mi",55,6,2,2024-03-09 17:19:10+00:00,ht,,False,2024-03-09,17,Saturday
1766632265130680672,Lululemon,,"#lululemonFURTHER – Day 4, Mar 9, 5pm PST
🔘 M. Farrah-Seaton: 211.4 mi
🔘 S. Flippin: 66.2 mi
🔘 C. Herron: 364.2 mi
🔘 K. Jeter: 163 mi
🔘 X. Jia: 170.6 mi
🔘 Y. Kang: 168.1 mi
🔘 V. Kwok: 101.9 mi
🔘 M. Valerio: 84 mi
🔘 D. Yanko: 178.3 mi
🔘 L. Yingling: 259.8 mi",24,4,0,2024-03-10 01:08:49+00:00,ht,,False,2024-03-10,1,Sunday
1766865340963987884,Lululemon,,"#lululemonFURTHER – Day 5, Mar 10, 9am PST
🔘 M. Farrah-Seaton: 226.7 mi
🔘 S. Flippin: 81.5 mi
🔘 C. Herron: 425.3 mi
🔘 K. Jeter: 183.4 mi
🔘 X. Jia: 191 mi
🔘 Y. Kang: 206.3 mi
🔘 V. Kwok: 119.7 mi
🔘 M. Valerio: 96.8 mi
🔘 D. Yanko: 191 mi
🔘 L. Yingling: 259.8 mi",26,2,1,2024-03-10 16:34:58+00:00,ht,,False,2024-03-10,16,Sunday
1766925963022258278,Lululemon,,"🚀 TO THE MOON 🚀

@runcamille continues to rewrite history books. She set four (4) new women’s World Bests at #lululemonFURTHER:
🔘 3-day World Best with 342.091 miles
🔘 300mi at 59:54:28
🔘 500K at 62:50:17
🔘 400mi 88:34:26 https://t.co/JFxwHjQRpc",263,26,9,2024-03-10 20:35:52+00:00,en,runcamille,True,2024-03-10,20,Sunday
1766936605410115805,Lululemon,,"RT @runcamille: Next record to be smashed is the Women’s World 600k Record!!!
Previously stood at 4 days and 56 minutes. 
Camille crossed t…",0,57,0,2024-03-10 21:18:09+00:00,en,runcamille,True,2024-03-10,21,Sunday
1766936618269897160,Lululemon,,"RT @runcamille: And Another one!!!!!

This time is the Women’s World 500k Record - new time of 2 days, 14 hours and 45 sec. 

(Pending rati…",0,46,0,2024-03-10 21:18:12+00:00,en,runcamille,True,2024-03-10,21,Sunday
1766981868736610519,Lululemon,,"#lululemonFURTHER – Day 5, Mar 10, 5pm PST
🔘 M. Farrah-Seaton: 244.5 mi
🔘 S. Flippin: 84 mi
🔘 C. Herron: 453.4 mi
🔘 K. Jeter: 193.6 mi
🔘 X. Jia: 208.8 mi
🔘 Y. Kang: 219 mi
🔘 V. Kwok: 132.4 mi
🔘 M. Valerio: 101.9 mi
🔘 D. Yanko: 216.5 mi
🔘 L. Yingling: 277.6 mi",48,3,1,2024-03-11 00:18:01+00:00,ht,,False,2024-03-11,0,Monday
1767234915568136484,Lululemon,,"#lululemonFURTHER – Day 6, Mar 11, 24hrs remaining
🔘 M. Farrah-Seaton: 270 mi
🔘 S. Flippin: 92 mi
🔘 C. Herron: 502 mi
🔘 K. Jeter: 214 mi
🔘 X. Jia: 237 mi
🔘 Y. Kang: 260 mi
🔘 V. Kwok: 158 mi
🔘 M. Valerio: 120 mi
🔘 D. Yanko: 247 mi
🔘 L. Yingling: 331 mi",57,4,3,2024-03-11 17:03:32+00:00,in,,False,2024-03-11,17,Monday
1767346302499836295,Lululemon,,"#lululemonFURTHER – Day 6, Mar 11, 16hrs remaining
🔘 M. Farrah-Seaton: 295.4 mi
🔘 S. Flippin: 104.4 mi
🔘 C. Herron: 511.9 mi
🔘 K. Jeter: 219 mi
🔘 X. Jia: 254.7 mi
🔘 Y. Kang: 277.6 mi
🔘 V. Kwok: 165.6 mi
🔘 M. Valerio: 124.8 mi
🔘 D. Yanko: 272.5 mi
🔘 L. Yingling: 341.3 mi",47,5,1,2024-03-12 00:26:08+00:00,in,,False,2024-03-12,0,Tuesday
1767551835370590324,Lululemon,,"#lululemonFURTHER – Mar 12. 3hrs left.
🔘 M. Farrah-Seaton: 308.2 mi
🔘 S. Flippin: 107 mi
🔘 C. Herron: 550.1 mi
🔘 K. Jeter: 226.7 mi
🔘 X. Jia: 292.9 mi
🔘 Y. Kang: 308.2 mi
🔘 V. Kwok: 180.8 mi
🔘 M. Valerio: 135 mi
🔘 D. Yanko: 300.5 mi
🔘 L. Yingling: 387.1 mi",62,6,2,2024-03-12 14:02:51+00:00,ht,,False,2024-03-12,14,Tuesday
1767633051335758320,Lululemon,,"Over the course of six days of running, their FURTHER was found in joy, pain, love, fear, World Records, teamwork, and 2880+ collective miles.

Thanks to each and every one of you that cheered for them from afar. If we’ve learned anything, it’s that FURTHER is a team sport. https://t.co/9o1FMXfUue",165,24,11,2024-03-12 19:25:35+00:00,en,,False,2024-03-12,19,Tuesday
1767643333818806531,Lululemon,,"No caption needed.

@runcamille #lululemonFURTHER https://t.co/zsSG9Eyace",818,106,56,2024-03-12 20:06:26+00:00,en,runcamille,True,2024-03-12,20,Tuesday
1767646882581410068,Lululemon,,"They were made for this.

#lululemonFURTHER https://t.co/VNZgpOIrQ4",153,39,79,2024-03-12 20:20:32+00:00,en,,False,2024-03-12,20,Tuesday
1768032892507357610,Lululemon,,RT @runcamille: https://t.co/zmT1oYPuIg,0,51,0,2024-03-13 21:54:24+00:00,zxx,runcamille,True,2024-03-13,21,Wednesday
1818338109773562068,Lululemon,,It’s Summer time in Paris.,73,15,46,2024-07-30 17:29:23+00:00,en,,False,2024-07-30,17,Tuesday
1819126454229389633,Lululemon,,"Records are for breaking. 🏅

Congrats to our Ambassador Summer McIntosh on setting a new Olympic record on her way to 200m Butterfly gold. Add that to her medals in the 400m IM and the 400m Freestyle, and we’re calling it... a Summer special. #TeamCanada https://t.co/BtWeQUnp3R",187,29,224,2024-08-01 21:41:59+00:00,en,,False,2024-08-01,21,Thursday
1878789099504709808,HealthifyMe,,"Listen to the right, listen to Ria! Find your resolution ka solution with us :)

#Resolutions2025 #Resolutions #DiabetesPrevention #DiabetesCare #healthylifestyle #ai #AIcommunity https://t.co/2on0rPddOU",0,0,1,2025-01-13 13:00:02+00:00,en,,False,2025-01-13,13,Monday
1879449284506226955,HealthifyMe,,"Eating too fast can spike your blood sugar, making you feel sluggish. Slow down, chew well, and opt for balanced meals to keep energy steady!

#noon #lunch #postlunch #blood #DiabetesAwareness #weightloss",3,1,1,2025-01-15 08:43:22+00:00,en,,False,2025-01-15,8,Wednesday
1879457576569712780,HealthifyMe,,"Counting calories is old school! 📸 Snap a pic and let Healthify track it for you. Join now! 💚

#resolution2025 #calories #food #Diet https://t.co/UqE9EoP32F",1,1,1,2025-01-15 09:16:19+00:00,en,,False,2025-01-15,9,Wednesday
1882348680969371911,HealthifyMe,,"Vitamin C isn’t just in oranges!

Here’s a fact for today - Bell peppers have almost 3 times more Vitamin C than an orange

#vitaminC #Vitamin #vitamins #healthplanet #healthify https://t.co/1JSJ0DDYjt",6,1,1,2025-01-23 08:44:32+00:00,en,,False,2025-01-23,8,Thursday
1882696839142760607,HealthifyMe,,What's your biggest challenge?,1,0,2,2025-01-24 07:47:59+00:00,en,,False,2025-01-24,7,Friday
1883791673744052673,HealthifyMe,,"Cravings? Opt for protein-rich snacks or fruits or 
click the link here for healthy snack - https://t.co/Ly1z8KAG6m

#cravings #mondayismonday #MondayMorning #MondayMood #fitness #openai",0,0,2,2025-01-27 08:18:28+00:00,en,,False,2025-01-27,8,Monday
1884489949485084756,HealthifyMe,,"How many of you skip your meals to lose weight?

#healthylifestyle #HealthyHabits #metabolismenhancer #meals #healthify #healthy #HealthyFood",2,0,2,2025-01-29 06:33:10+00:00,en,,False,2025-01-29,6,Wednesday
1884860660233761235,HealthifyMe,,"Skipping meals to lose weight? Bad idea. It can slow your metabolism &amp; lead to overeating later. Fuel your body right!

#eating #HealthyHabits #HealthyAging #healthify #calories #meals #ThursdayThoughts #ThursdayMotivation #thursdaymorning",1,1,2,2025-01-30 07:06:15+00:00,en,,False,2025-01-30,7,Thursday
1888111438025412694,MuscleBlaze,,"They’re gone. Your revenge arc starts NOW 🔥

#antivalentines #ProposeDay #muscleblaze #revenge #ziddi https://t.co/3goxK5OwOV",1,0,0,2025-02-08 06:23:40+00:00,en,,False,2025-02-08,6,Saturday
1888825477613359607,MuscleBlaze,,"It’s all about the priorities, people. https://t.co/NQ1nRhXEjN",1,0,0,2025-02-10 05:41:01+00:00,en,,False,2025-02-10,5,Monday
1888913417714459100,MuscleBlaze,,"Declare your REVENGE in the comments, Ziddis &amp; WIN!

Comment down below, the breakup story that led to your REVENGE ARC. The 5 best (or should we say the worst) stories will get FREE Pre-Workout RevengeX.

And did we mention its limited edition? 💪

#TeddyDay #antivalentine https://t.co/foywTCUrK0",1,0,2,2025-02-10 11:30:27+00:00,en,,False,2025-02-10,11,Monday
1889572984681034203,HealthifyMe,,"Did you know?
Just a 20-second hug can reduce blood pressure &amp; calm your nervous system.
Science says: hug more!! 🫂🤗

#hugsday #hugsandkisses #hugsmakeeverythingbetter #ValentinesDay #Valentinesday2025 #ValentinesMadeEasy #ValentinesWeek",1,2,1,2025-02-12 07:11:20+00:00,en,,False,2025-02-12,7,Wednesday
1889599914511835301,MuscleBlaze,,"Unload the dead weight, and load up on IRON, Ziddis!

#hugday #muscleblaze #antivalentine https://t.co/vO0g9zYMmR",1,0,0,2025-02-12 08:58:21+00:00,en,,False,2025-02-12,8,Wednesday
1889929838292812227,HealthifyMe,,"How many calories you think a kiss can burn in one minute?

#kissday2025 #kiss #ValentinesDay #Valentinesday2025 #ValentinesBloomsForAll #February",0,0,1,2025-02-13 06:49:21+00:00,en,,False,2025-02-13,6,Thursday
1890320677476966648,MuscleBlaze,,"Your ex ain’t coming back, but your PRs are. Pre-Workout RevengeX - time to get even. https://t.co/ufbcTMMgs2",2,0,0,2025-02-14 08:42:24+00:00,en,,False,2025-02-14,8,Friday
1891779404742946900,MuscleBlaze,,"Your gym crush doesn’t care how you look. They care if you rerack your weights. Get it together, ziddis!  😑

#gym #gymethics",7,1,0,2025-02-18 09:18:52+00:00,en,,False,2025-02-18,9,Tuesday
1892096326306812084,MuscleBlaze,,February is short. Your range of motion better not be! 👀,5,0,0,2025-02-19 06:18:12+00:00,en,,False,2025-02-19,6,Wednesday
1893162802640232658,MuscleBlaze,,"When the playlist hits mid-rep, and you feel like the main character. https://t.co/kTECL1ywJ4",1,0,0,2025-02-22 04:56:00+00:00,en,,False,2025-02-22,4,Saturday
1893163069028860375,MuscleBlaze,,"Your gym crush doesn’t care how you look.
 They care if you rerack your weights.

#gymlife #gymmotivation #ziddi",4,1,0,2025-02-22 04:57:03+00:00,en,,False,2025-02-22,4,Saturday
1893540542711242981,MuscleBlaze,,"If your lateral raises don’t make you question life, are you even lifting?",9,0,3,2025-02-23 05:57:00+00:00,en,,False,2025-02-23,5,Sunday
1893621626140258579,MuscleBlaze,,"Thick, creamy, and packed with 33g of protein—this Oreo Cheesecake Dip is the perfect mix of indulgence and gains. 🍪

What’s inside:

4 tbsp Greek yogurt
1 scoop Biozym Iso Zero IND (Chocolate Ice Cream)
1 tbsp cream cheese
Pinch of salt
2 crushed Oreos https://t.co/hc21euEs3n",3,0,2,2025-02-23 11:19:12+00:00,en,,False,2025-02-23,11,Sunday
1893737647970889777,MuscleBlaze,,"Always one step ahead 🫡

#INDvsPAK #Cricket #ViratKohli https://t.co/7pqhxD5rZJ",5,0,0,2025-02-23 19:00:13+00:00,en,,False,2025-02-23,19,Sunday
1893739572896338301,MuscleBlaze,,Pakistan's recovery? Uncertain. Your recovery? Guaranteed with MuscleBlaze. 💥💪 #INDvsPAK #Cricket #ViratKohli,5,0,0,2025-02-23 19:07:52+00:00,en,,False,2025-02-23,19,Sunday
1893741491782066264,MuscleBlaze,,"Things gymrats should NEVER do:  
• skip protein 
• think leg day is a joke   
• Underestimate Whey-rat Kohli?

You wildin’ 🐐🔥  

#ViratKohli𓃵 #INDvsPAK #ChampionsTrophy2025",2,0,1,2025-02-23 19:15:30+00:00,en,,False,2025-02-23,19,Sunday
1895043210457817491,HealthifyMe,,"How are you feeling after Shivratri fasting today?

#Shivaratri #shivratri #Mahashivratri #fasting",0,0,1,2025-02-27 09:28:04+00:00,en,,False,2025-02-27,9,Thursday
1895096042682507630,MuscleBlaze,,Protein is love. PRs are life. The gym? Religion.,5,0,2,2025-02-27 12:58:00+00:00,en,,False,2025-02-27,12,Thursday
1896791569048760384,MuscleBlaze,,"On leg day, your legs don’t belong to you. 
They belong to the grind 🔥

#legday #legdaytrauma",3,0,0,2025-03-04 05:15:25+00:00,en,,False,2025-03-04,5,Tuesday
1899733789435445727,HealthifyMe,,"What’s your favourite way to get protein in the morning? 🍳🥑🥣

#BreakfastClub  #BreakfastGoals #protein #proteinshake",2,0,2,2025-03-12 08:06:45+00:00,en,,False,2025-03-12,8,Wednesday
1900087968301539417,HealthifyMe,,"The results are in! and great, most of you fuel up with eggs and omelette but did you know combining protein + fiber keeps you fuller for longer? Try adding chia seeds, berries, or whole grains!
#HealthyLiving #healthyeating #Holi",1,1,3,2025-03-13 07:34:08+00:00,en,,False,2025-03-13,7,Thursday
1901891283519701376,HealthifyMe,,"Which do you think has MORE vitamin C?

#health #vitaminc #summer #heatwave",3,0,2,2025-03-18 06:59:52+00:00,en,,False,2025-03-18,6,Tuesday
1901980290689429669,MuscleBlaze,,"Sale is calling.............📞

#muscleblaze #ziddi #sale https://t.co/N06GvquW2Q",4,0,1,2025-03-18 12:53:33+00:00,en,,False,2025-03-18,12,Tuesday
1902761419713466601,MuscleBlaze,,"The old you is dead…rebirth begins on 24th March 🦍

#muscleblaze #ziddi #thegreatperformancesale #tgps https://t.co/Zvsm9GMdJE",8,1,3,2025-03-20 16:37:28+00:00,en,,False,2025-03-20,16,Thursday
1903753921048285269,MuscleBlaze,,"Get your cart readyyyyyyyyyyyyyyyyyyy

#supps #sale https://t.co/Uc3YZlMkGM",8,0,11,2025-03-23 10:21:19+00:00,en,,False,2025-03-23,10,Sunday
1904426765520683441,HealthifyMe,,"Do you know?🤔
Cold showers might boost your immune system.🥶
They increase white blood cell count, improve circulation, and may even elevate mood. 🥰

#summer #heatwave #HealthTips #HealthyChoices",3,0,4,2025-03-25 06:54:58+00:00,en,,False,2025-03-25,6,Tuesday
1905656629003256086,MuscleBlaze,,only a few hours left.. are you ready? 👀 https://t.co/Om0X2zJbL9,11,2,37,2025-03-28 16:22:00+00:00,en,,False,2025-03-28,16,Friday
1926928779399647657,HealthifyMe,,"The weather is calling for 🌧️☔️⛈️

#raining #Monsoon2025 #Rains #bangalorerains #MumbaiRains #Mumbai #MumbaiRain #rainalert #HyderabadRains #DelhiRains",1,0,0,2025-05-26 09:09:56+00:00,en,,False,2025-05-26,9,Monday
1927253901880840452,HealthifyMe,,"You don’t need to be extreme, just consistent. One good choice today is a win!

#Healthify #StayOnTrack #HealthyLiving #FitnessMotivation #tuesdayvibe #WeatherAlert",0,0,0,2025-05-27 06:41:51+00:00,en,,False,2025-05-27,6,Tuesday
1929603275982340497,HealthifyMe,,"If you're reading this, then please go to bed and just clooooose your eyesssssssssss

#goodnight #MondayMotivation #Kolkata #Healthify",0,0,0,2025-06-02 18:17:25+00:00,en,,False,2025-06-02,18,Monday
1929889523254866024,HealthifyMe,,"To all the RCB fans, we know how important today is for you. Inhale calm and exhale stress 🧘‍♀️

#RCBvPBKS #RCB #EeSalaCupNamde #IPLFinal #iplfinal2025",5,0,2,2025-06-03 13:14:52+00:00,en,,False,2025-06-03,13,Tuesday
1931837744806011285,Puma,,"RT @pumafootball: History N̶e̶e̶d̶s̶ Makers 🇵🇹

@selecaoportugal does it again 🏆🏆

#GoWild https://t.co/18QgEDTy2J",0,334,0,2025-06-08 22:16:24+00:00,es,"pumafootball, selecaoportugal",True,2025-06-08,22,Sunday
1932709453415027089,Puma,,"It’s not about the miles. It’s about the why.

Nedd Brockmann shares his wildest challenge yet, and how he keeps pushing when everything says stop.

Listen now on YouTube and Spotify.
#GoWild https://t.co/7fmjTARtJd",82,15,16,2025-06-11 08:00:16+00:00,en,,False,2025-06-11,8,Wednesday
1934353557400228005,Puma,,"RT @PUMAHoops: Step into a new dimension of shopping.

Grab your @MetaQuestVR and explore the All-Pro Nitro in PUMA’s first-ever mixed real…",0,17,0,2025-06-15 20:53:21+00:00,en,"PUMAHoops, MetaQuestVR",True,2025-06-15,20,Sunday
1938606191011082442,Puma,,"We're teaming up with @PlayRematch for launch. ⚽🔥

From the pitch to the REMATCH arena, it's time to rep the cat head-to-toe.

The first-ever fully branded kit is live in-game now. Suit up, hit the pitch, and stay tuned—this is just the beginning.
 
#REMATCH #PlayREMATCH https://t.co/46NhOueonK",96,7,20,2025-06-27 14:31:48+00:00,en,PlayRematch,True,2025-06-27,14,Friday
1938749188310778083,Puma,,"TMNT x PUMA Kicks

@TMNT @Fortnite 
https://t.co/40QF30tLzr https://t.co/IVohHGfUYK",213,19,35,2025-06-28 00:00:01+00:00,en,"TMNT, Fortnite",True,2025-06-28,0,Saturday
1938749254094184888,Puma,,"Go beast mode, and look good doin’ it. PUMA Kicks are runnin’ wild in the Shop. @TMNT @Fortnite 

https://t.co/40QF30tLzr https://t.co/GIlbxyTh6B",115,24,26,2025-06-28 00:00:17+00:00,en,"TMNT, Fortnite",True,2025-06-28,0,Saturday
1940079468510347326,Puma,,"RT @Fortnite: Go beast mode, and look good doin’ it! 
@Puma Kicks are runnin’ wild. https://t.co/hB8t9KxPgY",0,129,0,2025-07-01 16:06:04+00:00,en,"Fortnite, Puma",True,2025-07-01,16,Tuesday
1942972810164404726,Puma,,"We just dropped into @DRESSGO_game on Roblox 💅🎮  Step into the Fashion Academy and flex 3 exclusive PUMA dresses, only available in-game 💖  It’s giving style, it’s giving fun. Let’s go 👉 https://t.co/UkLKY9PVTq https://t.co/QbgmIvS6k2",113,29,85,2025-07-09 15:43:11+00:00,en,DRESSGO_game,True,2025-07-09,15,Wednesday
1953573197745418705,Puma,,"RT @rihanna: 🤯 Alton Mason you always pull up on your superstar shit!!! 

new #FENTYxPUMA drop available now: https://t.co/2OFkNCBK41

🎥: T…",0,3632,0,2025-08-07 21:45:20+00:00,en,rihanna,True,2025-08-07,21,Thursday
1961191214121980411,UnderArmour,,Who gave @shanemgillis a whistle? 🤨 https://t.co/pIuJIqCJNT,10259,1173,156,2025-08-28 22:16:37+00:00,en,shanemgillis,True,2025-08-28,22,Thursday
1963588298019860850,UnderArmour,,Group chat turned game of the year. #WeAreFootball @1GunnaGunna @jjettas2 @Cameron7Ward @diana_flores33 @UAFootball https://t.co/wX5rvBWH4U,726,163,36,2025-09-04 13:01:46+00:00,en,"1GunnaGunna, jjettas2, Cameron7Ward, diana_flores33, UAFootball",True,2025-09-04,13,Thursday
1963633320421478784,UnderArmour,,Every play comes with a story. You had to be there. #WeAreFootball @2xrakai https://t.co/j3rTZKahnj,141,43,16,2025-09-04 16:00:40+00:00,en,2xrakai,True,2025-09-04,16,Thursday
1964720484043411504,UnderArmour,,Sports and music. That's culture. @1GunnaGunna @MTV #VMAs https://t.co/ygP1Dz3N78,11864,1284,117,2025-09-07 16:00:40+00:00,en,"1GunnaGunna, MTV",True,2025-09-07,16,Sunday
1964866226431185141,UnderArmour,,We won't stop @1GunnaGunna from performing halftime at the #VMAs. https://t.co/RyU1aAAuDe,261,49,12,2025-09-08 01:39:48+00:00,en,1GunnaGunna,True,2025-09-08,1,Monday
1964867707221737507,UnderArmour,,"Don't turn that dial!🔥 @1GunnaGunna's comin' in hot with ""Won't Stop"" during the #VMAs 1st ever Halftime! https://t.co/0L58R75qlH",711,133,24,2025-09-08 01:45:41+00:00,en,1GunnaGunna,True,2025-09-08,1,Monday
1965052792403325286,UnderArmour,,He’s got stories only football can write. #WeAreFootball @1GunnaGunna https://t.co/dZvcj0S1Vz,146,40,20,2025-09-08 14:01:09+00:00,en,1GunnaGunna,True,2025-09-08,14,Monday
1965952629248503926,UnderArmour,,RT @vmas: Custom top? Not just a fit…a FLEX! 💪 Here’s @1GunnaGunna’s POVMA fit check. https://t.co/4uCFeoSSw4,0,45,0,2025-09-11 01:36:47+00:00,en,"vmas, 1GunnaGunna",True,2025-09-11,1,Thursday
1967328955637367083,Puma,,"RT @googlecloud: PUMA is turning fans into designers with Google Cloud AI.

Its new AI Creator app, powered by AI Hypercomputer, Vertex AI,…",0,20,0,2025-09-14 20:45:48+00:00,en,googlecloud,True,2025-09-14,20,Sunday
1969094903108911406,Puma,,"PUMA is back with new fits in Rec Room 🧢👟

From classic cuts to statement kicks, this is for the ones who move different.
Cop them now: https://t.co/3SH6UzJAX2 https://t.co/IVQkzwCN66",108,23,38,2025-09-19 17:43:03+00:00,en,,False,2025-09-19,17,Friday
1974116065291698402,UnderArmour,,"A New Dawn 

Under Armour x #StingEm 🐝 https://t.co/pT97hbo5jF",715,129,42,2025-10-03 14:15:21+00:00,en,,False,2025-10-03,14,Friday
1984843304471601662,UnderArmour,,"On his home turf. 
Congrats on ring number 3, @FreddieFreeman5 https://t.co/c0vSQxVDa9",49,12,3,2025-11-02 04:41:35+00:00,en,FreddieFreeman5,True,2025-11-02,4,Sunday
1985647005540941894,Puma,,"RT @pumafootball: As the legend goes 👑 

The Pantera Negra Special Edition Portugal jersey pays tribute to the one and only Eusébio. Out no…",0,330,0,2025-11-04 09:55:12+00:00,en,pumafootball,True,2025-11-04,9,Tuesday
1987557032673841191,UnderArmour,,"This isn’t rivalry. It’s reverence. #WeAreFootball

Justin Jefferson x Zay Flowers
Minnesota Vikings vs Baltimore Ravens https://t.co/0sQGtvslpk",57,8,27,2025-11-09 16:24:58+00:00,en,,False,2025-11-09,16,Sunday
1989315240090128473,HealthifyMe,,"RT @TusharVashisht: Deepak nahi, Sooraj banana.
""Be the sun, not the lamp"". Grandpa's message to me as a child. Originally inspired from th…",0,1,0,2025-11-14 12:51:27+00:00,en,TusharVashisht,True,2025-11-14,12,Friday
1993361616885154216,UnderArmour,,"RT @UWBadgers: A partnership built to 𝐉𝐮𝐦𝐩 𝐀𝐫𝐨𝐮𝐧𝐝.
Ten years down. Ten years ahead.
@UnderArmour  x Wisconsin Athletics

🔗| https://t.co/np…",0,45,0,2025-11-25 16:50:18+00:00,en,"UWBadgers, UnderArmour",True,2025-11-25,16,Tuesday
2002333158763839906,Puma,,"Frost on the field. Heat in the fit. 

PUMA is loading back into Rematch with the ultimate winter kit. Gear up, dial in, and show ’em how cold becomes clutch. 

Bundle live now in @PlayRematch 

#PUMA #PlayRematch https://t.co/ShA30qvW9G",33,4,15,2025-12-20 11:00:01+00:00,en,PlayRematch,True,2025-12-20,11,Saturday
2006401034206199842,UnderArmour,,"You can’t edit out perfection.
HeatGear® Baselayer https://t.co/WknJAIfxI3",63,8,13,2025-12-31 16:24:18+00:00,en,,False,2025-12-31,16,Wednesday
2014697329413042545,Puma,,"RT @OM_Officiel: Votre imagination est votre outil. 👕

Imaginez et créez le troisième kit 27/28 OM grâce à notre plateforme AI CREATOR 👉 ht…",0,202,0,2026-01-23 13:50:49+00:00,fr,OM_Officiel,True,2026-01-23,13,Friday
2016192181912981596,Puma,,"RT @OM_Officiel: Il est encore temps de créer votre troisième kit 27/28 OM ! 👕

RDV sur notre plateforme AI CREATOR 👉 https://t.co/XlnXvShM…",0,40,0,2026-01-27 16:50:49+00:00,fr,OM_Officiel,True,2026-01-27,16,Tuesday
2016882238919524495,Puma,,"Ever wanted to design a real football kit? 

Here’s your chance. No design experience needed. 

Check out the PUMA AI Crestor featuring @OM_Officiel. The winning kit will be the club’s official third kit during the 27-28 season. 

Design yours now 👉 https://t.co/X1DVXQdcYP https://t.co/Yl1QwKvQTy",95,16,31,2026-01-29 14:32:52+00:00,en,OM_Officiel,True,2026-01-29,14,Thursday
2017057925093871996,Puma,,"RT @PUMA: Ever wanted to design a real football kit? 

Here’s your chance. No design experience needed. 

Check out the PUMA AI Crestor fea…",0,16,0,2026-01-30 02:10:59+00:00,en,PUMA,True,2026-01-30,2,Friday
2019093813134852394,UnderArmour,,No sqUAd does it better🔥 #TheNextEra https://t.co/OPFG9LENTL,27,3,1,2026-02-04 17:00:52+00:00,en,,False,2026-02-04,17,Wednesday
2020286625293500681,UnderArmour,,"For joy. 
For pain. 
For release.
For everything it took to get there.

#MilanoCortina2026 @Olympics @lindseyvonn https://t.co/U8oXPBMf8Z",24,2,5,2026-02-08 00:00:41+00:00,en,"Olympics, lindseyvonn",True,2026-02-08,0,Sunday
2020860547474866486,UnderArmour,,"From overlooked to undeniable.

The Future Is Flag spotlights the intensity, rivalry, and resilience behind the women elevating flag football to the world stage.

Steaming exclusively on @primevideo on February 19th. https://t.co/sGmN8TZkAm",16,5,0,2026-02-09 14:01:14+00:00,en,primevideo,True,2026-02-09,14,Monday
2020890443399954531,Gymshark,,progress is rented. and the rent is due daily.,559,75,16,2026-02-09 16:00:02+00:00,en,,False,2026-02-09,16,Monday
2021252828119920740,Gymshark,,"no sacrifice, no success.
no failure, no lesson.
no action, no change.
no discipline, no growth.
no struggle, no strength.

do the hard things.",588,145,25,2026-02-10 16:00:01+00:00,en,,False,2026-02-10,16,Tuesday
2021253115278701014,UnderArmour,,"Special message from the next generation of flag football🥹  This is our ""why"". #TheNextEra @NFL https://t.co/8CfnrNPDU7",23,1,6,2026-02-10 16:01:10+00:00,en,NFL,True,2026-02-10,16,Tuesday
2021615210369360377,Gymshark,,what a privilege it is to struggle for a future you're excited for,574,120,10,2026-02-11 16:00:00+00:00,en,,False,2026-02-11,16,Wednesday
2021977605923102768,Gymshark,,"you will never be ready, just start.",656,113,26,2026-02-12 16:00:02+00:00,en,,False,2026-02-12,16,Thursday
2022339987677790297,Gymshark,,if it were easy everyone would do it,592,111,14,2026-02-13 16:00:00+00:00,en,,False,2026-02-13,16,Friday
2022702379162857565,Gymshark,,"""it's too hard""

easy doesn't change you.",507,90,19,2026-02-14 16:00:01+00:00,en,,False,2026-02-14,16,Saturday
2023064764294058191,Gymshark,,keep reaching higher.,432,79,24,2026-02-15 16:00:01+00:00,en,,False,2026-02-15,16,Sunday
2023427156223615076,Gymshark,,"one minute can change an hour.
one hour can change a day.
one day can change a week.
one week can change a month.
one month can change a year.
one year can change your life.",467,71,13,2026-02-16 16:00:02+00:00,en,,False,2026-02-16,16,Monday
2023789538573799798,Gymshark,,one hour in the gym is 4% of your day. you’re not too busy.,2817,179,32,2026-02-17 16:00:00+00:00,en,,False,2026-02-17,16,Tuesday
2024151928863891812,Gymshark,,turn that bad day into a good gym session,1172,226,14,2026-02-18 16:00:01+00:00,en,,False,2026-02-18,16,Wednesday
2024514316490461281,Gymshark,,"L
I
K 
E 

I 
F  

Y 
O 
U  

L 
O 
V 
E
  
T 
H 
E  

G 
Y 
M",2888,80,20,2026-02-19 16:00:01+00:00,en,,False,2026-02-19,16,Thursday
2024876710060294380,Gymshark,,https://t.co/4cF1GCO6yk,10023,1431,45,2026-02-20 16:00:02+00:00,zxx,,False,2026-02-20,16,Friday
2025239095560294608,Gymshark,,"I LOVE GYM
I LOVE GYM
I LOVE GYM
I LOVE GYM
I LOVE GYM
I LOVE GYM
I LOVE GYM
I LOVE GYM
I LOVE GYM",1624,298,30,2026-02-21 16:00:02+00:00,en,,False,2026-02-21,16,Saturday
2025601483820192036,Gymshark,,growth doesn’t reward intention. it charges sacrifice.,359,52,12,2026-02-22 16:00:02+00:00,en,,False,2026-02-22,16,Sunday
2025963864483938617,Gymshark,,going gym is my answer to every problem in my life,1029,216,19,2026-02-23 16:00:00+00:00,en,,False,2026-02-23,16,Monday
2026326250953035874,Gymshark,,training alone is a kind of therapy,1363,303,28,2026-02-24 16:00:00+00:00,en,,False,2026-02-24,16,Tuesday
2026688646469005614,Gymshark,,I LOVE THE GYM,908,188,32,2026-02-25 16:00:02+00:00,en,,False,2026-02-25,16,Wednesday
2027051036196962742,Gymshark,,me chase you? i don't even do cardio,494,74,18,2026-02-26 16:00:02+00:00,en,,False,2026-02-26,16,Thursday
2027413424582631585,Gymshark,,"don’t give up now, lock tf in",880,154,26,2026-02-27 16:00:02+00:00,en,,False,2026-02-27,16,Friday
2027775811395223813,Gymshark,,real motivation https://t.co/ApyM0iUkxt,2321,286,35,2026-02-28 16:00:02+00:00,en,,False,2026-02-28,16,Saturday
2029663725972504962,UnderArmour,,"“Why we driving if UA gave you access to the jet?”

Bro… don’t even get me started.

It was CRAAAZY.

The road trip begins.

Episode 1: FULL ACCESS — The Jet ✈️

@2xrakai @jdsportsus https://t.co/ypfZsXBxSO",1629,152,40,2026-03-05 21:01:56+00:00,en,"2xrakai, jdsportsus",True,2026-03-05,21,Thursday
2032142889577230358,Reebok,,"Angel Reese 1: “Navy Halo”
Available tomorrow, 3/13. https://t.co/SKTOZQQh5w https://t.co/Zk5B9qDSbn",3127,462,66,2026-03-12 17:13:14+00:00,en,,False,2026-03-12,17,Thursday
2032456906753691892,Reebok,,"Angel Reese 1: “Navy Halo”
Available now on https://t.co/bz91IWBNAG https://t.co/8k6HELlFiC",1499,226,36,2026-03-13 14:01:02+00:00,en,,False,2026-03-13,14,Friday
2033158479997706717,Reebok,,"RT @livgolf_league: Another trophy for the collection 🏆 @brysondech 

#LIVGolfSingapore @Crushers_GC https://t.co/2YG3qAx8Dt",0,11,0,2026-03-15 12:28:50+00:00,en,"livgolf_league, brysondech, Crushers_GC",True,2026-03-15,12,Sunday
2033158509185978559,Reebok,,"RT @livgolf_league: A CHAMPION AGAIN 🏆

Bryson DeChambeau WINS the Individual Title in Singapore 🇸🇬

#LIVGolfSingapore @Crushers_GC https:/…",0,140,0,2026-03-15 12:28:57+00:00,en,"livgolf_league, Crushers_GC",True,2026-03-15,12,Sunday
2033161547040649238,Reebok,,Communication One: I’ve Left This Place Unwillingly Once 03 18 26 https://t.co/yNkOs9l51s,42,13,0,2026-03-15 12:41:01+00:00,en,,False,2026-03-15,12,Sunday
2033250259460047029,Reebok,,"Back on top.

@brysondech wins in Singapore for his fourth LIV Golf title. https://t.co/IhlFJjHnU1",228,19,6,2026-03-15 18:33:32+00:00,en,brysondech,True,2026-03-15,18,Sunday
2033906468315943089,Reebok,,"The DMX Series 3000 reimagines the original DMX Miramar through the bold design language of the late ’90s that’s layered, expressive, and unapologetically forward.

Finished with DMX moving air cushioning in the heel and DMX Comfort+ foam in the forefoot. Out now. https://t.co/s5iVLl0SdZ",36,7,1,2026-03-17 14:01:04+00:00,en,,False,2026-03-17,14,Tuesday
2034228469585133595,Bewakoof,bewakoof,"Finallyyy upar waale (Marvel) ne hamari sun li 😍

#SpidermanBrandNewDay",5,3,0,2026-03-18 11:20:35+00:00,et,,False,2026-03-18,11,Wednesday
2034266780097790365,Bewakoof,bewakoof,"Maine toh abhi se apna Dhurandhar 2 ke liye movie outfit plan kar liya hai 😍🎬

#Dhurandhar2",1,1,0,2026-03-18 13:52:49+00:00,hi,,False,2026-03-18,13,Wednesday
2034269602226544675,Reebok,,"Communication One: Full Circle
https://t.co/jzIYwDu1wo https://t.co/0uHJP9ZPDD",65,9,1,2026-03-18 14:04:02+00:00,en,,False,2026-03-18,14,Wednesday
2034287335077261398,Bewakoof,bewakoof,"Just the Spider-Man we have been waiting for ✨

#spiderman #marveluniverse #fyp 

[ Spider-Man Brand New Day, Trending, MCU, Marvel Studios ] https://t.co/NTtWGxiBsh",1,2,0,2026-03-18 15:14:30+00:00,en,,False,2026-03-18,15,Wednesday
2034503981482013048,Bewakoof,bewakoof,"Gudi Padwa &amp; Ugadi : the only time I’ll ditch my oversized tee for a kurta… but puran poli? Mandatory hai 😍

#GudiPadwa #Ugadi",2,0,1,2026-03-19 05:35:23+00:00,en,,False,2026-03-19,5,Thursday
2034553149563052209,Bewakoof,bewakoof,"Deleting insta because aadhi movie sabki story me nahi dekhni 😭 Aap kab jaa rahe ho?

#Dhuranandar2",2,0,0,2026-03-19 08:50:45+00:00,hi,,False,2026-03-19,8,Thursday
2034570798984544413,Bewakoof,bewakoof,"Bro can fight everything... except this 😭

#spidermanbrandnewday #marvel #peterparker 

[ Tom Holland, Zendaya, MJ, Heartbreak, Relatable, FYP ] https://t.co/aYFN0LonnC",3,1,0,2026-03-19 10:00:53+00:00,en,,False,2026-03-19,10,Thursday
2034876480292102298,Bewakoof,bewakoof,"Aap logo ne notice Kiya hoga IPL ki halki halki khushbu aane lagi hai 😍🏏

#IPL #Cricket",3,0,0,2026-03-20 06:15:33+00:00,hi,,False,2026-03-20,6,Friday
2034917204563829016,Bewakoof,bewakoof,"Name : Spider-man 
Strengths : Strong, part of The Avengers, Smart, Saved the world
Weakness : Seeing MJ with someone else 😔

#SpudermanBrandNewDay",2,0,0,2026-03-20 08:57:23+00:00,en,,False,2026-03-20,8,Friday
2034993639370153995,Reebok,,Introducing the Engine A “Future Peach” with @DijonaiVictoria. Out now. https://t.co/ETgmD4giRY,3507,481,25,2026-03-20 14:01:06+00:00,en,DijonaiVictoria,True,2026-03-20,14,Friday
2035239095103025397,Bewakoof,bewakoof,"Going to watch Dhurandhar 2 alone, because ""Na toh carvan ki talaash hai, Na toh humsafar ki talash hai"" 🎬

#Dhurandhar2‌",8,0,0,2026-03-21 06:16:27+00:00,hi,,False,2026-03-21,6,Saturday
2035727790960451843,Reebok,,"RT @livgolf_league: BACK-TO-BACK 🏆

@brysondech takes a dramatic playoff win in South Africa to make it 2 wins in 2 weeks 💪

#LIVGolfSouthA…",0,239,0,2026-03-22 14:38:22+00:00,en,"livgolf_league, brysondech",True,2026-03-22,14,Sunday
2035727861789684005,Reebok,,He does it again 💪,177,5,3,2026-03-22 14:38:38+00:00,en,,False,2026-03-22,14,Sunday
2035816038965678153,Reebok,,"More than just a game.

@brysondech has done it again https://t.co/RLgjp4850E",635,46,11,2026-03-22 20:29:01+00:00,en,brysondech,True,2026-03-22,20,Sunday
2035961098063774183,Bewakoof,bewakoof,"New Daredevil look just dropped and we already know this season is gonna hit different 🔥

#DareDevil #Marvel #mattmurdock https://t.co/dUxoAXWanF",8,1,0,2026-03-23 06:05:26+00:00,en,,False,2026-03-23,6,Monday
2036038210489594222,Bewakoof,bewakoof,"Humne suna hai April me kisi ka birthday aaraha hai 👀 
Like this tweet and you can win a free gift for your birthday 🎁🎈

#Birthday #April",413,74,120,2026-03-23 11:11:51+00:00,en,,False,2026-03-23,11,Monday
2036080330830975322,Puma,,RT @YeepsVR: The chaotic creativity of YEEPS meets the wild speed of @PUMA in an all-new limited time event! Wield crazy new gadgets and ro…,0,3,0,2026-03-23 13:59:14+00:00,en,"YeepsVR, PUMA",True,2026-03-23,13,Monday
2036080755609080204,Reebok,,"Angel Reese 1: Unapologetically Angel
Available 3/27 https://t.co/OMtiFysce8",7375,1061,231,2026-03-23 14:00:55+00:00,en,,False,2026-03-23,14,Monday
2036318520326365662,Bewakoof,bewakoof,"The real sacrifice was always her 😭

#spidermanbrandnewday #marvel #peterparker #mj

[ Tom Holland, Zendaya, MJ, Peter Parker, Tobey Maguire, FYP, Timing] https://t.co/9XCMgkrjCq",4,1,0,2026-03-24 05:45:42+00:00,en,,False,2026-03-24,5,Tuesday
2036400602587308483,Bewakoof,bewakoof,"Since Spider-man Brand New Day is coming up, who are you most excited to see?? 🕷️

#SpidermanBrandNewDay #Marvel",5,0,3,2026-03-24 11:11:52+00:00,en,,False,2026-03-24,11,Tuesday
2036449239232889164,Reebok,,Acuff 1 on the way. https://t.co/oNvr5k5mY5,10208,1698,110,2026-03-24 14:25:08+00:00,en,,False,2026-03-24,14,Tuesday
2036709986609598739,Bewakoof,bewakoof,"Still attacking the document 🫥

#officereel #worklife #corporatelife #fyp #reels https://t.co/et5k2RvDhz",2,0,0,2026-03-25 07:41:15+00:00,en,,False,2026-03-25,7,Wednesday
2036787125082034674,Bewakoof,bewakoof,"Me, My spider-man tshirts and my keychains are all ready to hit the theatres on 31st July 

#SpiderManBrandNewDay https://t.co/BUWA2NyKOB",3,1,0,2026-03-25 12:47:46+00:00,en,,False,2026-03-25,12,Wednesday
2036832818316112057,Reebok,,"BORN CLASSIC. WORN FOR LIFE.
The Classics enter a bold new era led by @karolg. https://t.co/pjjULCnTHH",61,8,2,2026-03-25 15:49:21+00:00,en,karolg,True,2026-03-25,15,Wednesday
2037039953386103071,Bewakoof,bewakoof,"Super excited for this one ✨

#harrypotter #trending #fyp 

[ Harry Potter and the Philosopher's Stone, JK Rowling, Hogwarts, Wizarding World, Nostalgia, Spiderman ] https://t.co/TxPOTWWnU2",2,1,0,2026-03-26 05:32:25+00:00,en,,False,2026-03-26,5,Thursday
2037108327260500153,Bewakoof,bewakoof,"Comeback karne ka time aaya toh ipl shuru hogaya. Abh comeback seedha IPL ke baad hi hoga 😍🏏 Aap konsi team ko support karte ho?

#IPL #Cricket",5,0,2,2026-03-26 10:04:07+00:00,tl,,False,2026-03-26,10,Thursday
2037248303276913015,Reebok,,RT @Reese10Angel: VOGUE AUSTRALIA: Signature AR1s Take Cover! @vogueaustralia @Reebok https://t.co/l7pt2OkWlA,0,3572,0,2026-03-26 19:20:20+00:00,en,"Reese10Angel, vogueaustralia, Reebok",True,2026-03-26,19,Thursday
2037569137564610779,Reebok,,"Angel Reese 1: Unapologetically Angel
Made for kids who play hard and dream big. Available now at @DICKS https://t.co/g9w0FjXXwd",1205,200,23,2026-03-27 16:35:13+00:00,en,DICKS,True,2026-03-27,16,Friday
2037768122799935817,Bewakoof,bewakoof,"We are way to excited for this already ✨

#harrypotter #hogwarts #memes 

[ Harry Potter and the Philosopher's Stone, JK Rowling, Characters, New series] https://t.co/o1QcTdowDL",1,0,0,2026-03-28 05:45:55+00:00,en,,False,2026-03-28,5,Saturday
2037807739460841979,Bewakoof,bewakoof,"The ""Meri team hi jeetegi"" Days are officially back 🏏😍 which team are you supporting today?

#IPL #Cricket #RCB #SRH",0,0,0,2026-03-28 08:23:20+00:00,en,,False,2026-03-28,8,Saturday
2037951458541531213,Bewakoof,bewakoof,"Comeback bolo ya RCB Bolo ek hi baat hai, they're so back in the game ❤️🏏

#iplindia2026 #ipl2026 #RcbvsSrh",1,0,0,2026-03-28 17:54:25+00:00,en,,False,2026-03-28,17,Saturday
2037986632452739406,Reebok,,"Angel Reese 1: Unapologetically Angel
Available now at https://t.co/bz91IWBNAG https://t.co/NBitAaydZv",483,73,7,2026-03-28 20:14:11+00:00,en,,False,2026-03-28,20,Saturday
